"No.","Time","Source","Destination","Protocol","Length","Request in Frame","RF Channel","Opcode","Value","Handle","Info","Time.1","UUID"
"1","0.000000","host","controller","HCI_CMD","4","","","","","","Sent Reset","2021-06-08 14:34:23,602841",""
"2","0.002246","controller","host","HCI_EVT","7","","","","","","Rcvd Command Complete (Reset)","2021-06-08 14:34:23,605087",""
"3","0.002508","host","controller","HCI_CMD","4","","","","","","Sent Read Buffer Size","2021-06-08 14:34:23,605349",""
"4","0.003867","controller","host","HCI_EVT","14","","","","","","Rcvd Command Complete (Read Buffer Size)","2021-06-08 14:34:23,606708",""
"5","0.004074","host","controller","HCI_CMD","11","","","","","","Sent Host Buffer Size","2021-06-08 14:34:23,606915",""
"6","0.005077","controller","host","HCI_EVT","7","","","","","","Rcvd Command Complete (Host Buffer Size)","2021-06-08 14:34:23,607918",""
"7","0.005366","host","controller","HCI_CMD","4","","","","","","Sent Read Local Version Information","2021-06-08 14:34:23,608207",""
"8","0.006251","controller","host","HCI_EVT","15","","","","","","Rcvd Command Complete (Read Local Version Information)","2021-06-08 14:34:23,609092",""
"9","0.006427","host","controller","HCI_CMD","4","","","","","","Sent Read BD ADDR","2021-06-08 14:34:23,609268",""
"10","0.007104","controller","host","HCI_EVT","13","","","","","","Rcvd Command Complete (Read BD ADDR)","2021-06-08 14:34:23,609945",""
"11","0.007257","host","controller","HCI_CMD","4","","","","","","Sent Read Local Supported Commands","2021-06-08 14:34:23,610098",""
"12","0.008152","controller","host","HCI_EVT","71","","","","","","Rcvd Command Complete (Read Local Supported Commands)","2021-06-08 14:34:23,610993",""
"13","0.008356","host","controller","HCI_CMD","5","","","","","","Sent Read Local Extended Features","2021-06-08 14:34:23,611197",""
"14","0.009433","controller","host","HCI_EVT","17","","","","","","Rcvd Command Complete (Read Local Extended Features)","2021-06-08 14:34:23,612274",""
"15","0.009586","host","controller","HCI_CMD","5","","","","","","Sent Write Simple Pairing Mode","2021-06-08 14:34:23,612427",""
"16","0.062673","controller","host","HCI_EVT","7","","","","","","Rcvd Command Complete (Write Simple Pairing Mode)","2021-06-08 14:34:23,665514",""
"17","0.063034","host","controller","HCI_CMD","6","","","","","","Sent Write LE Host Supported","2021-06-08 14:34:23,665875",""
"18","0.064059","controller","host","HCI_EVT","7","","","","","","Rcvd Command Complete (Write LE Host Supported)","2021-06-08 14:34:23,666900",""
"19","0.064150","host","controller","HCI_CMD","5","","","","","","Sent Read Local Extended Features","2021-06-08 14:34:23,666991",""
"20","0.064789","controller","host","HCI_EVT","17","","","","","","Rcvd Command Complete (Read Local Extended Features)","2021-06-08 14:34:23,667630",""
"21","0.064871","host","controller","HCI_CMD","5","","","","","","Sent Read Local Extended Features","2021-06-08 14:34:23,667712",""
"22","0.065911","controller","host","HCI_EVT","17","","","","","","Rcvd Command Complete (Read Local Extended Features)","2021-06-08 14:34:23,668752",""
"23","0.066024","host","controller","HCI_CMD","5","","","","","","Sent Write Secure Connections Host Support","2021-06-08 14:34:23,668865",""
"24","0.066615","controller","host","HCI_EVT","7","","","","","","Rcvd Command Complete (Write Secure Connections Host Support)","2021-06-08 14:34:23,669456",""
"25","0.066702","host","controller","HCI_CMD","4","","","","","","Sent LE Read White List Size","2021-06-08 14:34:23,669543",""
"26","0.067282","controller","host","HCI_EVT","8","","","","","","Rcvd Command Complete (LE Read White List Size)","2021-06-08 14:34:23,670123",""
"27","0.067351","host","controller","HCI_CMD","4","","","","","","Sent LE Read Buffer Size [v1]","2021-06-08 14:34:23,670192",""
"28","0.068201","controller","host","HCI_EVT","10","","","","","","Rcvd Command Complete (LE Read Buffer Size [v1])","2021-06-08 14:34:23,671042",""
"29","0.068449","host","controller","HCI_CMD","4","","","","","","Sent LE Read Supported States","2021-06-08 14:34:23,671290",""
"30","0.069427","controller","host","HCI_EVT","15","","","","","","Rcvd Command Complete (LE Read Supported States)","2021-06-08 14:34:23,672268",""
"31","0.069571","host","controller","HCI_CMD","4","","","","","","Sent LE Read Local Supported Features","2021-06-08 14:34:23,672412",""
"32","0.071618","controller","host","HCI_EVT","15","","","","","","Rcvd Command Complete (LE Read Local Supported Features)","2021-06-08 14:34:23,674459",""
"33","0.071843","host","controller","HCI_CMD","4","","","","","","Sent LE Read Resolving List Size","2021-06-08 14:34:23,674684",""
"34","0.073197","controller","host","HCI_EVT","8","","","","","","Rcvd Command Complete (LE Read Resolving List Size)","2021-06-08 14:34:23,676038",""
"35","0.073308","host","controller","HCI_CMD","4","","","","","","Sent LE Read Maximum Data Length","2021-06-08 14:34:23,676149",""
"36","0.073866","controller","host","HCI_EVT","15","","","","","","Rcvd Command Complete (LE Read Maximum Data Length)","2021-06-08 14:34:23,676707",""
"37","0.073946","host","controller","HCI_CMD","4","","","","","","Sent LE Read Suggested Default Data Length","2021-06-08 14:34:23,676787",""
"38","0.074976","controller","host","HCI_EVT","11","","","","","","Rcvd Command Complete (LE Read Suggested Default Data Length)","2021-06-08 14:34:23,677817",""
"39","0.075062","host","controller","HCI_CMD","12","","","","","","Sent LE Set Event Mask","2021-06-08 14:34:23,677903",""
"40","0.076209","controller","host","HCI_EVT","7","","","","","","Rcvd Command Complete (LE Set Event Mask)","2021-06-08 14:34:23,679050",""
"41","0.076403","host","controller","HCI_CMD","12","","","","","","Sent Set Event Mask","2021-06-08 14:34:23,679244",""
"42","0.077535","controller","host","HCI_EVT","7","","","","","","Rcvd Command Complete (Set Event Mask)","2021-06-08 14:34:23,680376",""
"43","0.077692","host","controller","HCI_CMD","4","","","","","","Sent Read Local Supported Codecs","2021-06-08 14:34:23,680533",""
"44","0.078782","controller","host","HCI_EVT","15","","","","","","Rcvd Command Complete (Read Local Supported Codecs)","2021-06-08 14:34:23,681623",""
"45","0.079357","host","controller","HCI_CMD","4","","","","","","Sent LE Clear Resolving List","2021-06-08 14:34:23,682198",""
"46","0.081658","controller","host","HCI_EVT","7","","","","","","Rcvd Command Complete (LE Clear Resolving List)","2021-06-08 14:34:23,684499",""
"47","0.081821","host","controller","HCI_CMD","6","","","","","","Sent LE Set Resolvable Private Address Timeout","2021-06-08 14:34:23,684662",""
"48","0.083136","controller","host","HCI_EVT","7","","","","","","Rcvd Command Complete (LE Set Resolvable Private Address Timeout)","2021-06-08 14:34:23,685977",""
"49","0.083307","host","controller","HCI_CMD","5","","","","","","Sent Write Inquiry Mode","2021-06-08 14:34:23,686148",""
"50","0.084368","controller","host","HCI_EVT","7","","","","","","Rcvd Command Complete (Write Inquiry Mode)","2021-06-08 14:34:23,687209",""
"51","0.084443","host","controller","HCI_CMD","5","","","","","","Sent Write Page Scan Type","2021-06-08 14:34:23,687284",""
"52","0.085119","controller","host","HCI_EVT","7","","","","","","Rcvd Command Complete (Write Page Scan Type)","2021-06-08 14:34:23,687960",""
"53","0.085163","host","controller","HCI_CMD","5","","","","","","Sent Write Inquiry Scan Type","2021-06-08 14:34:23,688004",""
"54","0.086433","controller","host","HCI_EVT","7","","","","","","Rcvd Command Complete (Write Inquiry Scan Type)","2021-06-08 14:34:23,689274",""
"55","0.086489","host","controller","HCI_CMD","7","","","","","","Sent Write Class of Device","2021-06-08 14:34:23,689330",""
"56","0.087670","controller","host","HCI_EVT","7","","","","","","Rcvd Command Complete (Write Class of Device)","2021-06-08 14:34:23,690511",""
"57","0.087715","host","controller","HCI_CMD","6","","","","","","Sent Write Page Timeout","2021-06-08 14:34:23,690556",""
"58","0.088241","controller","host","HCI_EVT","7","","","","","","Rcvd Command Complete (Write Page Timeout)","2021-06-08 14:34:23,691082",""
"59","0.088281","host","controller","HCI_CMD","6","","","","","","Sent Write Default Link Policy Settings","2021-06-08 14:34:23,691122",""
"60","0.089321","controller","host","HCI_EVT","7","","","","","","Rcvd Command Complete (Write Default Link Policy Settings)","2021-06-08 14:34:23,692162",""
"61","0.089368","host","controller","HCI_CMD_BROADCOM","4","","","","","","Sent Broadcom LE Get Vendor Capabilities","2021-06-08 14:34:23,692209",""
"62","0.090547","controller","host","HCI_EVT_BROADCOM","21","","","","","","Rcvd Broadcom Command Complete (LE Get Vendor Capabilities)","2021-06-08 14:34:23,693388",""
"63","0.090613","host","controller","HCI_CMD","4","","","","","","Sent Read Local Name","2021-06-08 14:34:23,693454",""
"64","0.092413","controller","host","HCI_EVT","255","","","","","","Rcvd Command Complete (Read Local Name)","2021-06-08 14:34:23,695254",""
"65","0.095575","host","controller","HCI_CMD","252","","","","","","Sent Change Local Name","2021-06-08 14:34:23,698416",""
"66","0.097567","controller","host","HCI_EVT","7","","","","","","Rcvd Command Complete (Change Local Name)","2021-06-08 14:34:23,700408",""
"67","0.097725","host","controller","HCI_CMD","245","","","","","","Sent Write Extended Inquiry Response","2021-06-08 14:34:23,700566",""
"68","0.099839","controller","host","HCI_EVT","7","","","","","","Rcvd Command Complete (Write Extended Inquiry Response)","2021-06-08 14:34:23,702680",""
"69","0.100022","host","controller","HCI_CMD","4","","","","","","Sent LE Rand","2021-06-08 14:34:23,702863",""
"70","0.100848","controller","host","HCI_EVT","15","","","","","","Rcvd Command Complete (LE Rand)","2021-06-08 14:34:23,703689",""
"71","0.100923","host","controller","HCI_CMD","43","","","","","","Sent LE Add Device to Resolving List","2021-06-08 14:34:23,703764",""
"72","0.102404","controller","host","HCI_EVT","7","","","","","","Rcvd Command Complete (LE Add Device to Resolving List)","2021-06-08 14:34:23,705245",""
"73","0.102592","host","controller","HCI_CMD","5","","","","","","Sent LE Set Address Resolution Enable","2021-06-08 14:34:23,705433",""
"74","0.103917","controller","host","HCI_EVT","7","","","","","","Rcvd Command Complete (LE Set Address Resolution Enable)","2021-06-08 14:34:23,706758",""
"75","0.104159","host","controller","HCI_CMD","5","","","","","","Sent LE Set Address Resolution Enable","2021-06-08 14:34:23,707000",""
"76","0.105422","controller","host","HCI_EVT","7","","","","","","Rcvd Command Complete (LE Set Address Resolution Enable)","2021-06-08 14:34:23,708263",""
"77","0.105699","host","controller","HCI_CMD","43","","","","","","Sent LE Add Device to Resolving List","2021-06-08 14:34:23,708540",""
"78","0.107513","controller","host","HCI_EVT","7","","","","","","Rcvd Command Complete (LE Add Device to Resolving List)","2021-06-08 14:34:23,710354",""
"79","0.107780","host","controller","HCI_CMD","5","","","","","","Sent LE Set Address Resolution Enable","2021-06-08 14:34:23,710621",""
"80","0.108871","controller","host","HCI_EVT","7","","","","","","Rcvd Command Complete (LE Set Address Resolution Enable)","2021-06-08 14:34:23,711712",""
"81","0.109143","host","controller","HCI_CMD","5","","","","","","Sent LE Set Address Resolution Enable","2021-06-08 14:34:23,711984",""
"82","0.110493","controller","host","HCI_EVT","7","","","","","","Rcvd Command Complete (LE Set Address Resolution Enable)","2021-06-08 14:34:23,713334",""
"83","0.110731","host","controller","HCI_CMD","43","","","","","","Sent LE Add Device to Resolving List","2021-06-08 14:34:23,713572",""
"84","0.115263","controller","host","HCI_EVT","7","","","","","","Rcvd Command Complete (LE Add Device to Resolving List)","2021-06-08 14:34:23,718104",""
"85","0.115559","host","controller","HCI_CMD","5","","","","","","Sent LE Set Address Resolution Enable","2021-06-08 14:34:23,718400",""
"86","0.116838","controller","host","HCI_EVT","7","","","","","","Rcvd Command Complete (LE Set Address Resolution Enable)","2021-06-08 14:34:23,719679",""
"87","0.117069","host","controller","HCI_CMD","10","","","","","","Sent LE Set Random Address","2021-06-08 14:34:23,719910",""
"88","0.119109","controller","host","HCI_EVT","7","","","","","","Rcvd Command Complete (LE Set Random Address)","2021-06-08 14:34:23,721950",""
"89","0.335107","host","controller","HCI_CMD","245","","","","","","Sent Write Extended Inquiry Response","2021-06-08 14:34:23,937948",""
"90","0.339723","controller","host","HCI_EVT","7","","","","","","Rcvd Command Complete (Write Extended Inquiry Response)","2021-06-08 14:34:23,942564",""
"91","0.460318","host","controller","HCI_CMD","6","","","","","","Sent Write Voice Setting","2021-06-08 14:34:24,063159",""
"92","0.462710","controller","host","HCI_EVT","7","","","","","","Rcvd Command Complete (Write Voice Setting)","2021-06-08 14:34:24,065551",""
"93","0.463011","host","controller","HCI_CMD","245","","","","","","Sent Write Extended Inquiry Response","2021-06-08 14:34:24,065852",""
"94","0.465253","controller","host","HCI_EVT","7","","","","","","Rcvd Command Complete (Write Extended Inquiry Response)","2021-06-08 14:34:24,068094",""
"95","0.465506","host","controller","HCI_CMD","245","","","","","","Sent Write Extended Inquiry Response","2021-06-08 14:34:24,068347",""
"96","0.467695","controller","host","HCI_EVT","7","","","","","","Rcvd Command Complete (Write Extended Inquiry Response)","2021-06-08 14:34:24,070536",""
"97","0.563089","host","controller","HCI_CMD","245","","","","","","Sent Write Extended Inquiry Response","2021-06-08 14:34:24,165930",""
"98","0.565393","controller","host","HCI_EVT","7","","","","","","Rcvd Command Complete (Write Extended Inquiry Response)","2021-06-08 14:34:24,168234",""
"99","0.565690","host","controller","HCI_CMD","245","","","","","","Sent Write Extended Inquiry Response","2021-06-08 14:34:24,168531",""
"100","0.570277","controller","host","HCI_EVT","7","","","","","","Rcvd Command Complete (Write Extended Inquiry Response)","2021-06-08 14:34:24,173118",""
"101","0.622285","host","controller","HCI_CMD","8","","","","","","Sent Write Current IAC LAP","2021-06-08 14:34:24,225126",""
"102","0.624049","controller","host","HCI_EVT","7","","","","","","Rcvd Command Complete (Write Current IAC LAP)","2021-06-08 14:34:24,226890",""
"103","0.624288","host","controller","HCI_CMD","8","","","","","","Sent Write Inquiry Scan Activity","2021-06-08 14:34:24,227129",""
"104","0.625334","controller","host","HCI_EVT","7","","","","","","Rcvd Command Complete (Write Inquiry Scan Activity)","2021-06-08 14:34:24,228175",""
"105","0.625507","host","controller","HCI_CMD","5","","","","","","Sent Write Scan Enable","2021-06-08 14:34:24,228348",""
"106","0.626363","controller","host","HCI_EVT","7","","","","","","Rcvd Command Complete (Write Scan Enable)","2021-06-08 14:34:24,229204",""
"107","0.626487","host","controller","HCI_CMD","5","","","","","","Sent Write Scan Enable","2021-06-08 14:34:24,229328",""
"108","0.627238","controller","host","HCI_EVT","7","","","","","","Rcvd Command Complete (Write Scan Enable)","2021-06-08 14:34:24,230079",""
"109","0.627361","host","controller","HCI_CMD","8","","","","","","Sent Write Inquiry Scan Activity","2021-06-08 14:34:24,230202",""
"110","0.630277","controller","host","HCI_EVT","7","","","","","","Rcvd Command Complete (Write Inquiry Scan Activity)","2021-06-08 14:34:24,233118",""
"111","0.630584","host","controller","HCI_CMD","5","","","","","","Sent Write Scan Enable","2021-06-08 14:34:24,233425",""
"112","0.631398","controller","host","HCI_EVT","7","","","","","","Rcvd Command Complete (Write Scan Enable)","2021-06-08 14:34:24,234239",""
"113","0.631587","host","controller","HCI_CMD","5","","","","","","Sent Write Scan Enable","2021-06-08 14:34:24,234428",""
"114","0.632208","controller","host","HCI_EVT","7","","","","","","Rcvd Command Complete (Write Scan Enable)","2021-06-08 14:34:24,235049",""
"115","0.632308","host","controller","HCI_CMD","245","","","","","","Sent Write Extended Inquiry Response","2021-06-08 14:34:24,235149",""
"116","0.634603","controller","host","HCI_EVT","7","","","","","","Rcvd Command Complete (Write Extended Inquiry Response)","2021-06-08 14:34:24,237444",""
"117","0.634876","host","controller","HCI_CMD","245","","","","","","Sent Write Extended Inquiry Response","2021-06-08 14:34:24,237717",""
"118","0.637144","controller","host","HCI_EVT","7","","","","","","Rcvd Command Complete (Write Extended Inquiry Response)","2021-06-08 14:34:24,239985",""
"119","0.637395","host","controller","HCI_CMD","245","","","","","","Sent Write Extended Inquiry Response","2021-06-08 14:34:24,240236",""
"120","0.639882","controller","host","HCI_EVT","7","","","","","","Rcvd Command Complete (Write Extended Inquiry Response)","2021-06-08 14:34:24,242723",""
"121","0.640101","host","controller","HCI_CMD","245","","","","","","Sent Write Extended Inquiry Response","2021-06-08 14:34:24,242942",""
"122","0.642382","controller","host","HCI_EVT","7","","","","","","Rcvd Command Complete (Write Extended Inquiry Response)","2021-06-08 14:34:24,245223",""
"123","0.642664","host","controller","HCI_CMD","245","","","","","","Sent Write Extended Inquiry Response","2021-06-08 14:34:24,245505",""
"124","0.644865","controller","host","HCI_EVT","7","","","","","","Rcvd Command Complete (Write Extended Inquiry Response)","2021-06-08 14:34:24,247706",""
"125","0.668131","host","controller","HCI_CMD","245","","","","","","Sent Write Extended Inquiry Response","2021-06-08 14:34:24,270972",""
"126","0.670531","controller","host","HCI_EVT","7","","","","","","Rcvd Command Complete (Write Extended Inquiry Response)","2021-06-08 14:34:24,273372",""
"127","0.730592","host","controller","HCI_CMD","245","","","","","","Sent Write Extended Inquiry Response","2021-06-08 14:34:24,333433",""
"128","0.733528","controller","host","HCI_EVT","7","","","","","","Rcvd Command Complete (Write Extended Inquiry Response)","2021-06-08 14:34:24,336369",""
"129","0.786718","host","controller","HCI_CMD","8","","","","","","Sent Write Inquiry Scan Activity","2021-06-08 14:34:24,389559",""
"130","0.788371","controller","host","HCI_EVT","7","","","","","","Rcvd Command Complete (Write Inquiry Scan Activity)","2021-06-08 14:34:24,391212",""
"131","0.788596","host","controller","HCI_CMD","5","","","","","","Sent Write Scan Enable","2021-06-08 14:34:24,391437",""
"132","0.789966","controller","host","HCI_EVT","7","","","","","","Rcvd Command Complete (Write Scan Enable)","2021-06-08 14:34:24,392807",""
"133","0.790290","host","controller","HCI_CMD","5","","","","","","Sent Write Scan Enable","2021-06-08 14:34:24,393131",""
"134","0.791281","controller","host","HCI_EVT","7","","","","","","Rcvd Command Complete (Write Scan Enable)","2021-06-08 14:34:24,394122",""
"135","1.057831","host","controller","HCI_CMD","8","","","","","","Sent Write Current IAC LAP","2021-06-08 14:34:24,660672",""
"136","1.059574","controller","host","HCI_EVT","7","","","","","","Rcvd Command Complete (Write Current IAC LAP)","2021-06-08 14:34:24,662415",""
"137","1.059822","host","controller","HCI_CMD","5","","","","","","Sent Write Scan Enable","2021-06-08 14:34:24,662663",""
"138","1.060779","controller","host","HCI_EVT","7","","","","","","Rcvd Command Complete (Write Scan Enable)","2021-06-08 14:34:24,663620",""
"139","1.060976","host","controller","HCI_CMD","5","","","","","","Sent Write Scan Enable","2021-06-08 14:34:24,663817",""
"140","1.061676","controller","host","HCI_EVT","7","","","","","","Rcvd Command Complete (Write Scan Enable)","2021-06-08 14:34:24,664517",""
"141","1.260116","host","controller","HCI_CMD","8","","","","","","Sent Write Current IAC LAP","2021-06-08 14:34:24,862957",""
"142","1.261496","controller","host","HCI_EVT","7","","","","","","Rcvd Command Complete (Write Current IAC LAP)","2021-06-08 14:34:24,864337",""
"143","1.261829","host","controller","HCI_CMD","5","","","","","","Sent Write Scan Enable","2021-06-08 14:34:24,864670",""
"144","1.262756","controller","host","HCI_EVT","7","","","","","","Rcvd Command Complete (Write Scan Enable)","2021-06-08 14:34:24,865597",""
"145","1.262961","host","controller","HCI_CMD","5","","","","","","Sent Write Scan Enable","2021-06-08 14:34:24,865802",""
"146","1.264220","controller","host","HCI_EVT","7","","","","","","Rcvd Command Complete (Write Scan Enable)","2021-06-08 14:34:24,867061",""
"147","1.360013","host","controller","HCI_CMD_BROADCOM","6","","","","","","Sent Broadcom LE Advertising Filter[Malformed Packet]","2021-06-08 14:34:24,962854",""
"148","1.361476","controller","host","HCI_EVT_BROADCOM","9","","","","","","Rcvd Broadcom Command Complete (LE Advertising Filter)[Malformed Packet]","2021-06-08 14:34:24,964317",""
"149","1.363605","host","controller","HCI_CMD_BROADCOM","13","","","","","","Sent Broadcom LE Advertising Filter","2021-06-08 14:34:24,966446",""
"150","1.364766","controller","host","HCI_EVT_BROADCOM","10","","","","","","Rcvd Broadcom Command Complete (LE Advertising Filter)","2021-06-08 14:34:24,967607",""
"151","1.368609","host","controller","HCI_CMD_BROADCOM","22","","","","","","Sent Broadcom LE Advertising Filter","2021-06-08 14:34:24,971450",""
"152","1.370118","controller","host","HCI_EVT_BROADCOM","10","","","","","","Rcvd Broadcom Command Complete (LE Advertising Filter)","2021-06-08 14:34:24,972959",""
"153","1.370916","host","controller","HCI_CMD","11","","","","","","Sent LE Set Scan Parameters","2021-06-08 14:34:24,973757",""
"154","1.371973","controller","host","HCI_EVT","7","","","","","","Rcvd Command Complete (LE Set Scan Parameters)","2021-06-08 14:34:24,974814",""
"155","1.372187","host","controller","HCI_CMD","6","","","","","","Sent LE Set Scan Enable","2021-06-08 14:34:24,975028",""
"156","1.374214","controller","host","HCI_EVT","7","","","","","","Rcvd Command Complete (LE Set Scan Enable)","2021-06-08 14:34:24,977055",""
"157","1.374428","host","controller","HCI_CMD","6","","","","","","Sent LE Set Scan Enable","2021-06-08 14:34:24,977269",""
"158","1.376142","controller","host","HCI_EVT","7","","","","","","Rcvd Command Complete (LE Set Scan Enable)","2021-06-08 14:34:24,978983",""
"159","1.376393","host","controller","HCI_CMD","11","","","","","","Sent LE Set Scan Parameters","2021-06-08 14:34:24,979234",""
"160","1.378515","controller","host","HCI_EVT","7","","","","","","Rcvd Command Complete (LE Set Scan Parameters)","2021-06-08 14:34:24,981356",""
"161","1.378956","host","controller","HCI_CMD","11","","","","","","Sent LE Set Scan Parameters","2021-06-08 14:34:24,981797",""
"162","1.380162","controller","host","HCI_EVT","7","","","","","","Rcvd Command Complete (LE Set Scan Parameters)","2021-06-08 14:34:24,983003",""
"163","1.380407","host","controller","HCI_CMD","6","","","","","","Sent LE Set Scan Enable","2021-06-08 14:34:24,983248",""
"164","1.382341","controller","host","HCI_EVT","7","","","","","","Rcvd Command Complete (LE Set Scan Enable)","2021-06-08 14:34:24,985182",""
"165","1.382579","host","controller","HCI_CMD","6","","","","","","Sent LE Set Scan Enable","2021-06-08 14:34:24,985420",""
"166","1.385673","controller","host","HCI_EVT","7","","","","","","Rcvd Command Complete (LE Set Scan Enable)","2021-06-08 14:34:24,988514",""
"167","1.386266","host","controller","HCI_CMD","11","","","","","","Sent LE Set Scan Parameters","2021-06-08 14:34:24,989107",""
"168","1.388393","controller","host","HCI_EVT","7","","","","","","Rcvd Command Complete (LE Set Scan Parameters)","2021-06-08 14:34:24,991234",""
"169","1.388643","host","controller","HCI_CMD","11","","","","","","Sent LE Set Scan Parameters","2021-06-08 14:34:24,991484",""
"170","1.389857","controller","host","HCI_EVT","7","","","","","","Rcvd Command Complete (LE Set Scan Parameters)","2021-06-08 14:34:24,992698",""
"171","1.390149","host","controller","HCI_CMD","6","","","","","","Sent LE Set Scan Enable","2021-06-08 14:34:24,992990",""
"172","1.391624","controller","host","HCI_EVT","7","","","","","","Rcvd Command Complete (LE Set Scan Enable)","2021-06-08 14:34:24,994465",""
"173","1.391841","host","controller","HCI_CMD","245","","","","","","Sent Write Extended Inquiry Response","2021-06-08 14:34:24,994682",""
"174","1.393689","controller","host","HCI_EVT","7","","","","","","Rcvd Command Complete (Write Extended Inquiry Response)","2021-06-08 14:34:24,996530",""
"175","1.830764","host","controller","HCI_CMD_BROADCOM","6","","","","","","Sent Broadcom LE Advertising Filter[Malformed Packet]","2021-06-08 14:34:25,433605",""
"176","1.831785","controller","host","HCI_EVT_BROADCOM","9","","","","","","Rcvd Broadcom Command Complete (LE Advertising Filter)[Malformed Packet]","2021-06-08 14:34:25,434626",""
"177","1.832496","host","controller","HCI_CMD_BROADCOM","17","","","","","","Sent Broadcom LE Advertising Filter","2021-06-08 14:34:25,435337",""
"178","1.833442","controller","host","HCI_EVT_BROADCOM","10","","","","","","Rcvd Broadcom Command Complete (LE Advertising Filter)","2021-06-08 14:34:25,436283",""
"179","1.833646","host","controller","HCI_CMD_BROADCOM","22","","","","","","Sent Broadcom LE Advertising Filter","2021-06-08 14:34:25,436487",""
"180","1.834474","controller","host","HCI_EVT_BROADCOM","10","","","","","","Rcvd Broadcom Command Complete (LE Advertising Filter)","2021-06-08 14:34:25,437315",""
"181","1.835129","host","controller","HCI_CMD_BROADCOM","11","","","","","","Sent Broadcom LE Advertising Filter","2021-06-08 14:34:25,437970",""
"182","1.836556","controller","host","HCI_EVT_BROADCOM","10","","","","","","Rcvd Broadcom Command Complete (LE Advertising Filter)","2021-06-08 14:34:25,439397",""
"183","1.836757","host","controller","HCI_CMD_BROADCOM","22","","","","","","Sent Broadcom LE Advertising Filter","2021-06-08 14:34:25,439598",""
"184","1.838258","controller","host","HCI_EVT_BROADCOM","10","","","","","","Rcvd Broadcom Command Complete (LE Advertising Filter)","2021-06-08 14:34:25,441099",""
"185","1.839000","host","controller","HCI_CMD_BROADCOM","11","","","","","","Sent Broadcom LE Advertising Filter","2021-06-08 14:34:25,441841",""
"186","1.839917","controller","host","HCI_EVT_BROADCOM","10","","","","","","Rcvd Broadcom Command Complete (LE Advertising Filter)","2021-06-08 14:34:25,442758",""
"187","1.840157","host","controller","HCI_CMD_BROADCOM","22","","","","","","Sent Broadcom LE Advertising Filter","2021-06-08 14:34:25,442998",""
"188","1.840856","controller","host","HCI_EVT_BROADCOM","10","","","","","","Rcvd Broadcom Command Complete (LE Advertising Filter)","2021-06-08 14:34:25,443697",""
"189","1.841744","host","controller","HCI_CMD_BROADCOM","11","","","","","","Sent Broadcom LE Advertising Filter","2021-06-08 14:34:25,444585",""
"190","1.842574","controller","host","HCI_EVT_BROADCOM","10","","","","","","Rcvd Broadcom Command Complete (LE Advertising Filter)","2021-06-08 14:34:25,445415",""
"191","1.843530","host","controller","HCI_CMD_BROADCOM","22","","","","","","Sent Broadcom LE Advertising Filter","2021-06-08 14:34:25,446371",""
"192","1.844468","controller","host","HCI_EVT_BROADCOM","10","","","","","","Rcvd Broadcom Command Complete (LE Advertising Filter)","2021-06-08 14:34:25,447309",""
"193","1.845201","host","controller","HCI_CMD_BROADCOM","15","","","","","","Sent Broadcom LE Advertising Filter","2021-06-08 14:34:25,448042",""
"194","1.847552","controller","host","HCI_EVT_BROADCOM","10","","","","","","Rcvd Broadcom Command Complete (LE Advertising Filter)","2021-06-08 14:34:25,450393",""
"195","1.847774","host","controller","HCI_CMD_BROADCOM","22","","","","","","Sent Broadcom LE Advertising Filter","2021-06-08 14:34:25,450615",""
"196","1.848514","controller","host","HCI_EVT_BROADCOM","10","","","","","","Rcvd Broadcom Command Complete (LE Advertising Filter)","2021-06-08 14:34:25,451355",""
"197","1.856318","host","controller","HCI_CMD","6","","","","","","Sent LE Set Scan Enable","2021-06-08 14:34:25,459159",""
"198","1.859381","controller","host","HCI_EVT","7","","","","","","Rcvd Command Complete (LE Set Scan Enable)","2021-06-08 14:34:25,462222",""
"199","1.859638","host","controller","HCI_CMD","11","","","","","","Sent LE Set Scan Parameters","2021-06-08 14:34:25,462479",""
"200","1.860623","controller","host","HCI_EVT","7","","","","","","Rcvd Command Complete (LE Set Scan Parameters)","2021-06-08 14:34:25,463464",""
"201","1.860824","host","controller","HCI_CMD","11","","","","","","Sent LE Set Scan Parameters","2021-06-08 14:34:25,463665",""
"202","1.862422","controller","host","HCI_EVT","7","","","","","","Rcvd Command Complete (LE Set Scan Parameters)","2021-06-08 14:34:25,465263",""
"203","1.863301","host","controller","HCI_CMD","6","","","","","","Sent LE Set Scan Enable","2021-06-08 14:34:25,466142",""
"204","1.864443","controller","host","HCI_EVT","7","","","","","","Rcvd Command Complete (LE Set Scan Enable)","2021-06-08 14:34:25,467284",""
"205","1.930594","host","controller","HCI_CMD_BROADCOM","6","","","","","","Sent Broadcom LE Advertising Filter[Malformed Packet]","2021-06-08 14:34:25,533435",""
"206","1.933878","controller","host","HCI_EVT_BROADCOM","9","","","","","","Rcvd Broadcom Command Complete (LE Advertising Filter)[Malformed Packet]","2021-06-08 14:34:25,536719",""
"207","1.936436","host","controller","HCI_CMD_BROADCOM","15","","","","","","Sent Broadcom LE Advertising Filter","2021-06-08 14:34:25,539277",""
"208","1.938435","controller","host","HCI_EVT_BROADCOM","10","","","","","","Rcvd Broadcom Command Complete (LE Advertising Filter)","2021-06-08 14:34:25,541276",""
"209","1.938667","host","controller","HCI_CMD_BROADCOM","22","","","","","","Sent Broadcom LE Advertising Filter","2021-06-08 14:34:25,541508",""
"210","1.939793","controller","host","HCI_EVT_BROADCOM","10","","","","","","Rcvd Broadcom Command Complete (LE Advertising Filter)","2021-06-08 14:34:25,542634",""
"211","1.945924","host","controller","HCI_CMD","6","","","","","","Sent LE Set Scan Enable","2021-06-08 14:34:25,548765",""
"212","1.949238","controller","host","HCI_EVT","7","","","","","","Rcvd Command Complete (LE Set Scan Enable)","2021-06-08 14:34:25,552079",""
"213","1.949484","host","controller","HCI_CMD","11","","","","","","Sent LE Set Scan Parameters","2021-06-08 14:34:25,552325",""
"214","1.951004","controller","host","HCI_EVT","7","","","","","","Rcvd Command Complete (LE Set Scan Parameters)","2021-06-08 14:34:25,553845",""
"215","1.951206","host","controller","HCI_CMD","11","","","","","","Sent LE Set Scan Parameters","2021-06-08 14:34:25,554047",""
"216","1.953211","controller","host","HCI_EVT","7","","","","","","Rcvd Command Complete (LE Set Scan Parameters)","2021-06-08 14:34:25,556052",""
"217","1.953445","host","controller","HCI_CMD","6","","","","","","Sent LE Set Scan Enable","2021-06-08 14:34:25,556286",""
"218","1.954539","controller","host","HCI_EVT","7","","","","","","Rcvd Command Complete (LE Set Scan Enable)","2021-06-08 14:34:25,557380",""
"219","1.954766","host","controller","HCI_CMD_BROADCOM","7","","","","","","Sent Broadcom LE Advertising Filter","2021-06-08 14:34:25,557607",""
"220","1.956614","controller","host","HCI_EVT_BROADCOM","10","","","","","","Rcvd Broadcom Command Complete (LE Advertising Filter)","2021-06-08 14:34:25,559455",""
"221","1.959636","host","controller","HCI_CMD","6","","","","","","Sent LE Set Scan Enable","2021-06-08 14:34:25,562477",""
"222","1.962363","controller","host","HCI_EVT","7","","","","","","Rcvd Command Complete (LE Set Scan Enable)","2021-06-08 14:34:25,565204",""
"223","1.962612","host","controller","HCI_CMD","11","","","","","","Sent LE Set Scan Parameters","2021-06-08 14:34:25,565453",""
"224","1.964550","controller","host","HCI_EVT","7","","","","","","Rcvd Command Complete (LE Set Scan Parameters)","2021-06-08 14:34:25,567391",""
"225","1.964782","host","controller","HCI_CMD","11","","","","","","Sent LE Set Scan Parameters","2021-06-08 14:34:25,567623",""
"226","1.966786","controller","host","HCI_EVT","7","","","","","","Rcvd Command Complete (LE Set Scan Parameters)","2021-06-08 14:34:25,569627",""
"227","1.967076","host","controller","HCI_CMD","6","","","","","","Sent LE Set Scan Enable","2021-06-08 14:34:25,569917",""
"228","1.968564","controller","host","HCI_EVT","7","","","","","","Rcvd Command Complete (LE Set Scan Enable)","2021-06-08 14:34:25,571405",""
"229","1.968935","host","controller","HCI_CMD_BROADCOM","6","","","","","","Sent Broadcom LE Advertising Filter[Malformed Packet]","2021-06-08 14:34:25,571776",""
"230","1.970604","controller","host","HCI_EVT_BROADCOM","9","","","","","","Rcvd Broadcom Command Complete (LE Advertising Filter)[Malformed Packet]","2021-06-08 14:34:25,573445",""
"231","1.971522","host","controller","HCI_CMD_BROADCOM","15","","","","","","Sent Broadcom LE Advertising Filter","2021-06-08 14:34:25,574363",""
"232","1.972381","controller","host","HCI_EVT_BROADCOM","10","","","","","","Rcvd Broadcom Command Complete (LE Advertising Filter)","2021-06-08 14:34:25,575222",""
"233","1.972553","host","controller","HCI_CMD_BROADCOM","22","","","","","","Sent Broadcom LE Advertising Filter","2021-06-08 14:34:25,575394",""
"234","1.973262","controller","host","HCI_EVT_BROADCOM","10","","","","","","Rcvd Broadcom Command Complete (LE Advertising Filter)","2021-06-08 14:34:25,576103",""
"235","1.980347","host","controller","HCI_CMD","6","","","","","","Sent LE Set Scan Enable","2021-06-08 14:34:25,583188",""
"236","1.982742","controller","host","HCI_EVT","7","","","","","","Rcvd Command Complete (LE Set Scan Enable)","2021-06-08 14:34:25,585583",""
"237","1.983002","host","controller","HCI_CMD","11","","","","","","Sent LE Set Scan Parameters","2021-06-08 14:34:25,585843",""
"238","1.985281","controller","host","HCI_EVT","7","","","","","","Rcvd Command Complete (LE Set Scan Parameters)","2021-06-08 14:34:25,588122",""
"239","1.985538","host","controller","HCI_CMD","11","","","","","","Sent LE Set Scan Parameters","2021-06-08 14:34:25,588379",""
"240","1.986310","controller","host","HCI_EVT","7","","","","","","Rcvd Command Complete (LE Set Scan Parameters)","2021-06-08 14:34:25,589151",""
"241","1.986574","host","controller","HCI_CMD","6","","","","","","Sent LE Set Scan Enable","2021-06-08 14:34:25,589415",""
"242","1.987613","controller","host","HCI_EVT","7","","","","","","Rcvd Command Complete (LE Set Scan Enable)","2021-06-08 14:34:25,590454",""
"243","5.707681","host","controller","HCI_CMD_BROADCOM","6","","","","","","Sent Broadcom LE Advertising Filter[Malformed Packet]","2021-06-08 14:34:29,310522",""
"244","5.709779","controller","host","HCI_EVT_BROADCOM","9","","","","","","Rcvd Broadcom Command Complete (LE Advertising Filter)[Malformed Packet]","2021-06-08 14:34:29,312620",""
"245","5.710841","host","controller","HCI_CMD_BROADCOM","13","","","","","","Sent Broadcom LE Advertising Filter","2021-06-08 14:34:29,313682",""
"246","5.711468","controller","host","HCI_EVT_BROADCOM","10","","","","","","Rcvd Broadcom Command Complete (LE Advertising Filter)","2021-06-08 14:34:29,314309",""
"247","5.711564","host","controller","HCI_CMD_BROADCOM","22","","","","","","Sent Broadcom LE Advertising Filter","2021-06-08 14:34:29,314405",""
"248","5.712058","controller","host","HCI_EVT_BROADCOM","10","","","","","","Rcvd Broadcom Command Complete (LE Advertising Filter)","2021-06-08 14:34:29,314899",""
"249","5.717738","host","controller","HCI_CMD","6","","","","","","Sent LE Set Scan Enable","2021-06-08 14:34:29,320579",""
"250","5.719896","controller","host","HCI_EVT","7","","","","","","Rcvd Command Complete (LE Set Scan Enable)","2021-06-08 14:34:29,322737",""
"251","5.720044","host","controller","HCI_CMD","11","","","","","","Sent LE Set Scan Parameters","2021-06-08 14:34:29,322885",""
"252","5.720958","controller","host","HCI_EVT","7","","","","","","Rcvd Command Complete (LE Set Scan Parameters)","2021-06-08 14:34:29,323799",""
"253","5.721030","host","controller","HCI_CMD","11","","","","","","Sent LE Set Scan Parameters","2021-06-08 14:34:29,323871",""
"254","5.721863","controller","host","HCI_EVT","7","","","","","","Rcvd Command Complete (LE Set Scan Parameters)","2021-06-08 14:34:29,324704",""
"255","5.721934","host","controller","HCI_CMD","6","","","","","","Sent LE Set Scan Enable","2021-06-08 14:34:29,324775",""
"256","5.722598","controller","host","HCI_EVT","7","","","","","","Rcvd Command Complete (LE Set Scan Enable)","2021-06-08 14:34:29,325439",""
"257","7.803346","host","controller","HCI_CMD_BROADCOM","7","","","","","","Sent Broadcom LE Advertising Filter","2021-06-08 14:34:31,406187",""
"258","7.805557","controller","host","HCI_EVT_BROADCOM","10","","","","","","Rcvd Broadcom Command Complete (LE Advertising Filter)","2021-06-08 14:34:31,408398",""
"259","7.806698","host","controller","HCI_CMD_BROADCOM","7","","","","","","Sent Broadcom LE Advertising Filter","2021-06-08 14:34:31,409539",""
"260","7.808357","controller","host","HCI_EVT_BROADCOM","10","","","","","","Rcvd Broadcom Command Complete (LE Advertising Filter)","2021-06-08 14:34:31,411198",""
"261","7.809442","host","controller","HCI_CMD_BROADCOM","7","","","","","","Sent Broadcom LE Advertising Filter","2021-06-08 14:34:31,412283",""
"262","7.810958","controller","host","HCI_EVT_BROADCOM","10","","","","","","Rcvd Broadcom Command Complete (LE Advertising Filter)","2021-06-08 14:34:31,413799",""
"263","7.812212","host","controller","HCI_CMD_BROADCOM","7","","","","","","Sent Broadcom LE Advertising Filter","2021-06-08 14:34:31,415053",""
"264","7.814671","controller","host","HCI_EVT_BROADCOM","10","","","","","","Rcvd Broadcom Command Complete (LE Advertising Filter)","2021-06-08 14:34:31,417512",""
"265","7.816446","host","controller","HCI_CMD_BROADCOM","7","","","","","","Sent Broadcom LE Advertising Filter","2021-06-08 14:34:31,419287",""
"266","7.818268","controller","host","HCI_EVT_BROADCOM","10","","","","","","Rcvd Broadcom Command Complete (LE Advertising Filter)","2021-06-08 14:34:31,421109",""
"267","7.826685","host","controller","HCI_CMD","6","","","","","","Sent LE Set Scan Enable","2021-06-08 14:34:31,429526",""
"268","7.829229","controller","host","HCI_EVT","7","","","","","","Rcvd Command Complete (LE Set Scan Enable)","2021-06-08 14:34:31,432070",""
"269","7.829554","host","controller","HCI_CMD","11","","","","","","Sent LE Set Scan Parameters","2021-06-08 14:34:31,432395",""
"270","7.831046","controller","host","HCI_EVT","7","","","","","","Rcvd Command Complete (LE Set Scan Parameters)","2021-06-08 14:34:31,433887",""
"271","7.831197","host","controller","HCI_CMD","11","","","","","","Sent LE Set Scan Parameters","2021-06-08 14:34:31,434038",""
"272","7.832293","controller","host","HCI_EVT","7","","","","","","Rcvd Command Complete (LE Set Scan Parameters)","2021-06-08 14:34:31,435134",""
"273","7.832387","host","controller","HCI_CMD","6","","","","","","Sent LE Set Scan Enable","2021-06-08 14:34:31,435228",""
"274","7.833761","controller","host","HCI_EVT","7","","","","","","Rcvd Command Complete (LE Set Scan Enable)","2021-06-08 14:34:31,436602",""
"275","49.926776","host","controller","HCI_CMD_BROADCOM","6","","","","","","Sent Broadcom LE Advertising Filter[Malformed Packet]","2021-06-08 14:35:13,529617",""
"276","49.928990","controller","host","HCI_EVT_BROADCOM","9","","","","","","Rcvd Broadcom Command Complete (LE Advertising Filter)[Malformed Packet]","2021-06-08 14:35:13,531831",""
"277","49.930188","host","controller","HCI_CMD_BROADCOM","22","","","","","","Sent Broadcom LE Advertising Filter","2021-06-08 14:35:13,533029",""
"278","49.931616","controller","host","HCI_EVT_BROADCOM","10","","","","","","Rcvd Broadcom Command Complete (LE Advertising Filter)","2021-06-08 14:35:13,534457",""
"279","49.968798","host","controller","HCI_CMD","6","","","","","","Sent LE Set Scan Enable","2021-06-08 14:35:13,571639",""
"280","49.971920","controller","host","HCI_EVT","7","","","","","","Rcvd Command Complete (LE Set Scan Enable)","2021-06-08 14:35:13,574761",""
"281","49.972263","host","controller","HCI_CMD","11","","","","","","Sent LE Set Scan Parameters","2021-06-08 14:35:13,575104",""
"282","49.973524","controller","host","HCI_EVT","7","","","","","","Rcvd Command Complete (LE Set Scan Parameters)","2021-06-08 14:35:13,576365",""
"283","49.973805","host","controller","HCI_CMD","11","","","","","","Sent LE Set Scan Parameters","2021-06-08 14:35:13,576646",""
"284","49.975223","controller","host","HCI_EVT","7","","","","","","Rcvd Command Complete (LE Set Scan Parameters)","2021-06-08 14:35:13,578064",""
"285","49.975501","host","controller","HCI_CMD","6","","","","","","Sent LE Set Scan Enable","2021-06-08 14:35:13,578342",""
"286","49.976413","controller","host","HCI_EVT","7","","","","","","Rcvd Command Complete (LE Set Scan Enable)","2021-06-08 14:35:13,579254",""
"287","49.990910","controller","host","HCI_EVT","42","","","","","","Rcvd LE Meta (LE Advertising Report)","2021-06-08 14:35:13,593751",""
"288","49.991324","controller","host","HCI_EVT","45","","","","","","Rcvd LE Meta (LE Advertising Report)","2021-06-08 14:35:13,594165",""
"289","50.027863","controller","host","HCI_EVT","32","","","","","","Rcvd LE Meta (LE Advertising Report)","2021-06-08 14:35:13,630704",""
"290","50.028672","controller","host","HCI_EVT","32","","","","","","Rcvd LE Meta (LE Advertising Report)","2021-06-08 14:35:13,631513",""
"291","50.039549","controller","host","HCI_EVT","42","","","","","","Rcvd LE Meta (LE Advertising Report)","2021-06-08 14:35:13,642390",""
"292","50.040012","controller","host","HCI_EVT","45","","","","","","Rcvd LE Meta (LE Advertising Report)","2021-06-08 14:35:13,642853",""
"293","50.082109","controller","host","HCI_EVT","42","","","","","","Rcvd LE Meta (LE Advertising Report)","2021-06-08 14:35:13,684950",""
"294","50.082847","controller","host","HCI_EVT","45","","","","","","Rcvd LE Meta (LE Advertising Report)","2021-06-08 14:35:13,685688",""
"295","50.134718","controller","host","HCI_EVT","43","","","","","","Rcvd LE Meta (LE Advertising Report)","2021-06-08 14:35:13,737559",""
"296","50.173400","controller","host","HCI_EVT","42","","","","","","Rcvd LE Meta (LE Advertising Report)","2021-06-08 14:35:13,776241",""
"297","50.174087","controller","host","HCI_EVT","45","","","","","","Rcvd LE Meta (LE Advertising Report)","2021-06-08 14:35:13,776928",""
"298","50.203405","controller","host","HCI_EVT","45","","","","","","Rcvd LE Meta (LE Advertising Report)","2021-06-08 14:35:13,806246",""
"299","50.204158","controller","host","HCI_EVT","28","","","","","","Rcvd LE Meta (LE Advertising Report)","2021-06-08 14:35:13,806999",""
"300","50.216008","controller","host","HCI_EVT","42","","","","","","Rcvd LE Meta (LE Advertising Report)","2021-06-08 14:35:13,818849",""
"301","50.216759","controller","host","HCI_EVT","45","","","","","","Rcvd LE Meta (LE Advertising Report)","2021-06-08 14:35:13,819600",""
"302","50.262395","controller","host","HCI_EVT","42","","","","","","Rcvd LE Meta (LE Advertising Report)","2021-06-08 14:35:13,865236",""
"303","50.263314","controller","host","HCI_EVT","45","","","","","","Rcvd LE Meta (LE Advertising Report)","2021-06-08 14:35:13,866155",""
"304","50.290103","controller","host","HCI_EVT","43","","","","","","Rcvd LE Meta (LE Advertising Report)","2021-06-08 14:35:13,892944",""
"305","50.303288","controller","host","HCI_EVT","42","","","","","","Rcvd LE Meta (LE Advertising Report)","2021-06-08 14:35:13,906129",""
"306","50.303748","controller","host","HCI_EVT","45","","","","","","Rcvd LE Meta (LE Advertising Report)","2021-06-08 14:35:13,906589",""
"307","50.343296","controller","host","HCI_EVT","42","","","","","","Rcvd LE Meta (LE Advertising Report)","2021-06-08 14:35:13,946137",""
"308","50.343730","controller","host","HCI_EVT","45","","","","","","Rcvd LE Meta (LE Advertising Report)","2021-06-08 14:35:13,946571",""
"309","50.388559","controller","host","HCI_EVT","42","","","","","","Rcvd LE Meta (LE Advertising Report)","2021-06-08 14:35:13,991400",""
"310","50.389804","controller","host","HCI_EVT","45","","","","","","Rcvd LE Meta (LE Advertising Report)","2021-06-08 14:35:13,992645",""
"311","50.432247","controller","host","HCI_EVT","42","","","","","","Rcvd LE Meta (LE Advertising Report)","2021-06-08 14:35:14,035088",""
"312","50.432889","controller","host","HCI_EVT","45","","","","","","Rcvd LE Meta (LE Advertising Report)","2021-06-08 14:35:14,035730",""
"313","50.442777","controller","host","HCI_EVT","43","","","","","","Rcvd LE Meta (LE Advertising Report)","2021-06-08 14:35:14,045618",""
"314","50.528126","controller","host","HCI_EVT","42","","","","","","Rcvd LE Meta (LE Advertising Report)","2021-06-08 14:35:14,130967",""
"315","50.528541","controller","host","HCI_EVT","45","","","","","","Rcvd LE Meta (LE Advertising Report)","2021-06-08 14:35:14,131382",""
"316","50.580144","controller","host","HCI_EVT","42","","","","","","Rcvd LE Meta (LE Advertising Report)","2021-06-08 14:35:14,182985",""
"317","50.580840","controller","host","HCI_EVT","45","","","","","","Rcvd LE Meta (LE Advertising Report)","2021-06-08 14:35:14,183681",""
"318","50.599922","controller","host","HCI_EVT","43","","","","","","Rcvd LE Meta (LE Advertising Report)","2021-06-08 14:35:14,202763",""
"319","50.618280","controller","host","HCI_EVT","42","","","","","","Rcvd LE Meta (LE Advertising Report)","2021-06-08 14:35:14,221121",""
"320","50.619058","controller","host","HCI_EVT","45","","","","","","Rcvd LE Meta (LE Advertising Report)","2021-06-08 14:35:14,221899",""
"321","50.664391","controller","host","HCI_EVT","42","","","","","","Rcvd LE Meta (LE Advertising Report)","2021-06-08 14:35:14,267232",""
"322","50.664895","controller","host","HCI_EVT","45","","","","","","Rcvd LE Meta (LE Advertising Report)","2021-06-08 14:35:14,267736",""
"323","50.671428","host","controller","HCI_CMD_BROADCOM","7","","","","","","Sent Broadcom LE Advertising Filter","2021-06-08 14:35:14,274269",""
"324","50.672930","controller","host","HCI_EVT_BROADCOM","10","","","","","","Rcvd Broadcom Command Complete (LE Advertising Filter)","2021-06-08 14:35:14,275771",""
"325","50.697054","host","controller","HCI_CMD","6","","","","","","Sent LE Set Scan Enable","2021-06-08 14:35:14,299895",""
"326","50.701255","controller","host","HCI_EVT","7","","","","","","Rcvd Command Complete (LE Set Scan Enable)","2021-06-08 14:35:14,304096",""
"327","50.701585","host","controller","HCI_CMD","11","","","","","","Sent LE Set Scan Parameters","2021-06-08 14:35:14,304426",""
"328","50.706831","controller","host","HCI_EVT","7","","","","","","Rcvd Command Complete (LE Set Scan Parameters)","2021-06-08 14:35:14,309672",""
"329","50.707191","host","controller","HCI_CMD","11","","","","","","Sent LE Set Scan Parameters","2021-06-08 14:35:14,310032",""
"330","50.708551","controller","host","HCI_EVT","7","","","","","","Rcvd Command Complete (LE Set Scan Parameters)","2021-06-08 14:35:14,311392",""
"331","50.708828","host","controller","HCI_CMD","6","","","","","","Sent LE Set Scan Enable","2021-06-08 14:35:14,311669",""
"332","50.710402","controller","host","HCI_EVT","7","","","","","","Rcvd Command Complete (LE Set Scan Enable)","2021-06-08 14:35:14,313243",""
"333","53.698177","host","controller","HCI_CMD","11","","","","","","Sent LE Add Device To White List","2021-06-08 14:35:17,301018",""
"334","53.705647","controller","host","HCI_EVT","7","","","","","","Rcvd Command Complete (LE Add Device To White List)","2021-06-08 14:35:17,308488",""
"335","53.707889","host","controller","HCI_CMD","29","","","","","","Sent LE Create Connection","2021-06-08 14:35:17,310730",""
"336","53.716242","controller","host","HCI_EVT","7","","","","","","Rcvd Command Status (LE Create Connection)","2021-06-08 14:35:17,319083",""
"337","54.607056","controller","host","HCI_EVT","34","","","","","","Rcvd LE Meta (LE Enhanced Connection Complete)","2021-06-08 14:35:18,209897",""
"338","54.608607","host","controller","HCI_CMD","6","","","","","","Sent LE Read Remote Features","2021-06-08 14:35:18,211448",""
"339","54.613205","controller","host","HCI_EVT","7","","","","","","Rcvd Command Status (LE Read Remote Features)","2021-06-08 14:35:18,216046",""
"340","54.756199","controller","host","HCI_EVT","15","","","","","","Rcvd LE Meta (LE Read Remote Features Complete)","2021-06-08 14:35:18,359040",""
"341","54.758168","host","controller","HCI_CMD","6","","","","","","Sent Read Remote Version Information","2021-06-08 14:35:18,361009",""
"342","54.759617","controller","host","HCI_EVT","7","","","","","","Rcvd Command Status (Read Remote Version Information)","2021-06-08 14:35:18,362458",""
"343","54.760013","controller","host","HCI_EVT","11","","","","","","Rcvd Read Remote Version Information Complete","2021-06-08 14:35:18,362854",""
"344","54.764136","host","controller","HCI_CMD","18","","","","","","Sent LE Connection Update","2021-06-08 14:35:18,366977",""
"345","54.764797","HuaweiTe_27:59:79 (HUAWEI P20 Pro)","Espressi_60:ef:3a (ESP32-T)","ATT","16","","","Read By Group Type Request","","","Sent Read By Group Type Request, GATT Primary Service Declaration, Handles: 0x0001..0xffff","2021-06-08 14:35:18,367638",""
"346","54.766173","controller","host","HCI_EVT","7","","","","","","Rcvd Command Status (LE Connection Update)","2021-06-08 14:35:18,369014",""
"347","54.853698","controller","host","HCI_EVT","14","","","","","","Rcvd LE Meta (LE Data Length Change)","2021-06-08 14:35:18,456539",""
"348","54.903747","Espressi_60:ef:3a (ESP32-T)","HuaweiTe_27:59:79 (HUAWEI P20 Pro)","ATT","23","345","","Read By Group Type Response","","0x0001,0x0014","Rcvd Read By Group Type Response, Attribute List Length: 2, Generic Attribute Profile, Generic Access Profile","2021-06-08 14:35:18,506588",""
"349","54.905215","HuaweiTe_27:59:79 (HUAWEI P20 Pro)","Espressi_60:ef:3a (ESP32-T)","ATT","16","","","Read By Group Type Request","","","Sent Read By Group Type Request, GATT Primary Service Declaration, Handles: 0x001d..0xffff","2021-06-08 14:35:18,508056",""
"350","54.948992","controller","host","HCI_EVT","8","","","","","","Rcvd Number of Completed Packets","2021-06-08 14:35:18,551833",""
"351","55.000754","Espressi_60:ef:3a (ESP32-T)","HuaweiTe_27:59:79 (HUAWEI P20 Pro)","ATT","31","349","","Read By Group Type Response","","0x0028","Rcvd Read By Group Type Response, Attribute List Length: 1, Unknown","2021-06-08 14:35:18,603595","26cb2f28a4ba49fc856ad57fe4d3dada,dadad3e47fd56a85fc49baa4282fcb26"
"352","55.001660","HuaweiTe_27:59:79 (HUAWEI P20 Pro)","Espressi_60:ef:3a (ESP32-T)","ATT","16","","","Read By Type Request","","","Sent Read By Type Request, GATT Include Declaration, Handles: 0x0001..0x0005","2021-06-08 14:35:18,604501",""
"353","55.098048","Espressi_60:ef:3a (ESP32-T)","HuaweiTe_27:59:79 (HUAWEI P20 Pro)","ATT","14","","","Error Response","","0x0001","Rcvd Error Response - Attribute Not Found, Handle: 0x0001 (Generic Attribute Profile)","2021-06-08 14:35:18,700889",""
"354","55.098727","HuaweiTe_27:59:79 (HUAWEI P20 Pro)","Espressi_60:ef:3a (ESP32-T)","ATT","16","","","Read By Type Request","","","Sent Read By Type Request, GATT Characteristic Declaration, Handles: 0x0001..0x0005","2021-06-08 14:35:18,701568",""
"355","55.144271","controller","host","HCI_EVT","8","","","","","","Rcvd Number of Completed Packets","2021-06-08 14:35:18,747112",""
"356","55.194883","Espressi_60:ef:3a (ESP32-T)","HuaweiTe_27:59:79 (HUAWEI P20 Pro)","ATT","18","354","","Read By Type Response","","0x0003,0x0002","Rcvd Read By Type Response, Attribute List Length: 1, Service Changed","2021-06-08 14:35:18,797724",""
"357","55.195470","HuaweiTe_27:59:79 (HUAWEI P20 Pro)","Espressi_60:ef:3a (ESP32-T)","ATT","16","","","Read By Type Request","","","Sent Read By Type Request, GATT Characteristic Declaration, Handles: 0x0003..0x0005","2021-06-08 14:35:18,798311",""
"358","55.299320","Espressi_60:ef:3a (ESP32-T)","HuaweiTe_27:59:79 (HUAWEI P20 Pro)","ATT","14","","","Error Response","","0x0003","Rcvd Error Response - Attribute Not Found, Handle: 0x0003 (Generic Attribute Profile: Service Changed)","2021-06-08 14:35:18,902161",""
"359","55.299764","controller","host","HCI_EVT","13","","","","","","Rcvd LE Meta (LE Connection Update Complete)","2021-06-08 14:35:18,902605",""
"360","55.300265","HuaweiTe_27:59:79 (HUAWEI P20 Pro)","Espressi_60:ef:3a (ESP32-T)","ATT","14","","","Find Information Request","","","Sent Find Information Request, Handles: 0x0004..0x0005","2021-06-08 14:35:18,903106",""
"361","55.304154","controller","host","HCI_EVT","8","","","","","","Rcvd Number of Completed Packets","2021-06-08 14:35:18,906995",""
"362","55.319096","Espressi_60:ef:3a (ESP32-T)","HuaweiTe_27:59:79 (HUAWEI P20 Pro)","ATT","15","360","","Find Information Response","","0x0004","Rcvd Find Information Response, Handle: 0x0004 (Generic Attribute Profile: Service Changed: Client Characteristic Configuration)","2021-06-08 14:35:18,921937",""
"363","55.319634","HuaweiTe_27:59:79 (HUAWEI P20 Pro)","Espressi_60:ef:3a (ESP32-T)","ATT","14","","","Find Information Request","","","Sent Find Information Request, Handles: 0x0005..0x0005","2021-06-08 14:35:18,922475",""
"364","55.336213","Espressi_60:ef:3a (ESP32-T)","HuaweiTe_27:59:79 (HUAWEI P20 Pro)","ATT","14","","","Error Response","","0x0005","Rcvd Error Response - Attribute Not Found, Handle: 0x0005 (Generic Attribute Profile: Service Changed: Unknown)","2021-06-08 14:35:18,939054",""
"365","55.336970","HuaweiTe_27:59:79 (HUAWEI P20 Pro)","Espressi_60:ef:3a (ESP32-T)","ATT","16","","","Read By Type Request","","","Sent Read By Type Request, GATT Include Declaration, Handles: 0x0014..0x001c","2021-06-08 14:35:18,939811",""
"366","55.341741","controller","host","HCI_EVT","8","","","","","","Rcvd Number of Completed Packets","2021-06-08 14:35:18,944582",""
"367","55.351648","Espressi_60:ef:3a (ESP32-T)","HuaweiTe_27:59:79 (HUAWEI P20 Pro)","ATT","14","","","Error Response","","0x0014","Rcvd Error Response - Attribute Not Found, Handle: 0x0014 (Generic Access Profile)","2021-06-08 14:35:18,954489",""
"368","55.352504","HuaweiTe_27:59:79 (HUAWEI P20 Pro)","Espressi_60:ef:3a (ESP32-T)","ATT","16","","","Read By Type Request","","","Sent Read By Type Request, GATT Characteristic Declaration, Handles: 0x0014..0x001c","2021-06-08 14:35:18,955345",""
"369","55.366769","Espressi_60:ef:3a (ESP32-T)","HuaweiTe_27:59:79 (HUAWEI P20 Pro)","ATT","32","368","","Read By Type Response","","0x0016,0x0018,0x001a,0x0015,0x0017,0x0019","Rcvd Read By Type Response, Attribute List Length: 3, Device Name, Appearance, Central Address Resolution","2021-06-08 14:35:18,969610",""
"370","55.367257","HuaweiTe_27:59:79 (HUAWEI P20 Pro)","Espressi_60:ef:3a (ESP32-T)","ATT","16","","","Read By Type Request","","","Sent Read By Type Request, GATT Characteristic Declaration, Handles: 0x001a..0x001c","2021-06-08 14:35:18,970098",""
"371","55.372618","controller","host","HCI_EVT","8","","","","","","Rcvd Number of Completed Packets","2021-06-08 14:35:18,975459",""
"372","55.383134","Espressi_60:ef:3a (ESP32-T)","HuaweiTe_27:59:79 (HUAWEI P20 Pro)","ATT","14","","","Error Response","","0x001a","Rcvd Error Response - Attribute Not Found, Handle: 0x001a (Generic Access Profile: Central Address Resolution)","2021-06-08 14:35:18,985975",""
"373","55.383920","HuaweiTe_27:59:79 (HUAWEI P20 Pro)","Espressi_60:ef:3a (ESP32-T)","ATT","14","","","Find Information Request","","","Sent Find Information Request, Handles: 0x001b..0x001c","2021-06-08 14:35:18,986761",""
"374","55.396383","Espressi_60:ef:3a (ESP32-T)","HuaweiTe_27:59:79 (HUAWEI P20 Pro)","ATT","14","","","Error Response","","0x001b","Rcvd Error Response - Attribute Not Found, Handle: 0x001b (Generic Access Profile: Central Address Resolution: Unknown)","2021-06-08 14:35:18,999224",""
"375","55.397171","HuaweiTe_27:59:79 (HUAWEI P20 Pro)","Espressi_60:ef:3a (ESP32-T)","ATT","16","","","Read By Type Request","","","Sent Read By Type Request, GATT Include Declaration, Handles: 0x0028..0xffff","2021-06-08 14:35:19,000012",""
"376","55.401515","controller","host","HCI_EVT","8","","","","","","Rcvd Number of Completed Packets","2021-06-08 14:35:19,004356",""
"377","55.412173","Espressi_60:ef:3a (ESP32-T)","HuaweiTe_27:59:79 (HUAWEI P20 Pro)","ATT","14","","","Error Response","","0x0028","Rcvd Error Response - Attribute Not Found, Handle: 0x0028 (Unknown)","2021-06-08 14:35:19,015014","26cb2f28a4ba49fc856ad57fe4d3dada"
"378","55.413285","HuaweiTe_27:59:79 (HUAWEI P20 Pro)","Espressi_60:ef:3a (ESP32-T)","ATT","16","","","Read By Type Request","","","Sent Read By Type Request, GATT Characteristic Declaration, Handles: 0x0028..0xffff","2021-06-08 14:35:19,016126",""
"379","55.427196","Espressi_60:ef:3a (ESP32-T)","HuaweiTe_27:59:79 (HUAWEI P20 Pro)","ATT","32","378","","Read By Type Response","","0x002a,0x0029","Rcvd Read By Type Response, Attribute List Length: 1, Unknown","2021-06-08 14:35:19,030037","fbdc45f28337467b8019e7db05355215,15523505dbe719807b463783f245dcfb"
"380","55.427754","HuaweiTe_27:59:79 (HUAWEI P20 Pro)","Espressi_60:ef:3a (ESP32-T)","ATT","16","","","Read By Type Request","","","Sent Read By Type Request, GATT Characteristic Declaration, Handles: 0x002a..0xffff","2021-06-08 14:35:19,030595",""
"381","55.431444","controller","host","HCI_EVT","8","","","","","","Rcvd Number of Completed Packets","2021-06-08 14:35:19,034285",""
"382","55.442241","Espressi_60:ef:3a (ESP32-T)","HuaweiTe_27:59:79 (HUAWEI P20 Pro)","ATT","32","380","","Read By Type Response","","0x002c,0x002b","Rcvd Read By Type Response, Attribute List Length: 1, Unknown","2021-06-08 14:35:19,045082","8c65f73dddab4dd9a2e0f5a10ce7e252,52e2e70ca1f5e0a2d94dabdd3df7658c"
"383","55.442811","HuaweiTe_27:59:79 (HUAWEI P20 Pro)","Espressi_60:ef:3a (ESP32-T)","ATT","16","","","Read By Type Request","","","Sent Read By Type Request, GATT Characteristic Declaration, Handles: 0x002c..0xffff","2021-06-08 14:35:19,045652",""
"384","55.456891","Espressi_60:ef:3a (ESP32-T)","HuaweiTe_27:59:79 (HUAWEI P20 Pro)","ATT","32","383","","Read By Type Response","","0x002e,0x002d","Rcvd Read By Type Response, Attribute List Length: 1, Unknown","2021-06-08 14:35:19,059732","f341082200c04dd3a60b3cd6124fd323,23d34f12d63c0ba6d34dc000220841f3"
"385","55.457451","HuaweiTe_27:59:79 (HUAWEI P20 Pro)","Espressi_60:ef:3a (ESP32-T)","ATT","16","","","Read By Type Request","","","Sent Read By Type Request, GATT Characteristic Declaration, Handles: 0x002e..0xffff","2021-06-08 14:35:19,060292",""
"386","55.461358","controller","host","HCI_EVT","8","","","","","","Rcvd Number of Completed Packets","2021-06-08 14:35:19,064199",""
"387","55.472053","Espressi_60:ef:3a (ESP32-T)","HuaweiTe_27:59:79 (HUAWEI P20 Pro)","ATT","32","385","","Read By Type Response","","0x0030,0x002f","Rcvd Read By Type Response, Attribute List Length: 1, Unknown","2021-06-08 14:35:19,074894","1ee1d0fc6f3c4c6aac1cc54d2a97f932,32f9972a4dc51cac6a4c3c6ffcd0e11e"
"388","55.472642","HuaweiTe_27:59:79 (HUAWEI P20 Pro)","Espressi_60:ef:3a (ESP32-T)","ATT","16","","","Read By Type Request","","","Sent Read By Type Request, GATT Characteristic Declaration, Handles: 0x0030..0xffff","2021-06-08 14:35:19,075483",""
"389","55.487134","Espressi_60:ef:3a (ESP32-T)","HuaweiTe_27:59:79 (HUAWEI P20 Pro)","ATT","32","388","","Read By Type Response","","0x0033,0x0032","Rcvd Read By Type Response, Attribute List Length: 1, Unknown","2021-06-08 14:35:19,089975","46ac40cc7eaa41a99964956a984fd9c3,c3d94f986a956499a941aa7ecc40ac46"
"390","55.487727","HuaweiTe_27:59:79 (HUAWEI P20 Pro)","Espressi_60:ef:3a (ESP32-T)","ATT","16","","","Read By Type Request","","","Sent Read By Type Request, GATT Characteristic Declaration, Handles: 0x0033..0xffff","2021-06-08 14:35:19,090568",""
"391","55.491322","controller","host","HCI_EVT","8","","","","","","Rcvd Number of Completed Packets","2021-06-08 14:35:19,094163",""
"392","55.501824","Espressi_60:ef:3a (ESP32-T)","HuaweiTe_27:59:79 (HUAWEI P20 Pro)","ATT","32","390","","Read By Type Response","","0x0035,0x0034","Rcvd Read By Type Response, Attribute List Length: 1, Unknown","2021-06-08 14:35:19,104665","83157f667c91431ea0377c2b9e594ef6,f64e599e2b7c37a01e43917c667f1583"
"393","55.502731","HuaweiTe_27:59:79 (HUAWEI P20 Pro)","Espressi_60:ef:3a (ESP32-T)","ATT","16","","","Read By Type Request","","","Sent Read By Type Request, GATT Characteristic Declaration, Handles: 0x0035..0xffff","2021-06-08 14:35:19,105572",""
"394","55.516073","Espressi_60:ef:3a (ESP32-T)","HuaweiTe_27:59:79 (HUAWEI P20 Pro)","ATT","14","","","Error Response","","0x0035","Rcvd Error Response - Attribute Not Found, Handle: 0x0035 (Unknown: Unknown)","2021-06-08 14:35:19,118914","83157f667c91431ea0377c2b9e594ef6"
"395","55.516824","HuaweiTe_27:59:79 (HUAWEI P20 Pro)","Espressi_60:ef:3a (ESP32-T)","ATT","14","","","Find Information Request","","","Sent Find Information Request, Handles: 0x0031..0x0031","2021-06-08 14:35:19,119665",""
"396","55.521543","controller","host","HCI_EVT","8","","","","","","Rcvd Number of Completed Packets","2021-06-08 14:35:19,124384",""
"397","55.531423","Espressi_60:ef:3a (ESP32-T)","HuaweiTe_27:59:79 (HUAWEI P20 Pro)","ATT","15","395","","Find Information Response","","0x0031","Rcvd Find Information Response, Handle: 0x0031 (Unknown: Unknown: Client Characteristic Configuration)","2021-06-08 14:35:19,134264",""
"398","55.532245","HuaweiTe_27:59:79 (HUAWEI P20 Pro)","Espressi_60:ef:3a (ESP32-T)","ATT","14","","","Find Information Request","","","Sent Find Information Request, Handles: 0x0036..0xffff","2021-06-08 14:35:19,135086",""
"399","55.546208","Espressi_60:ef:3a (ESP32-T)","HuaweiTe_27:59:79 (HUAWEI P20 Pro)","ATT","15","398","","Find Information Response","","0x0036","Rcvd Find Information Response, Handle: 0x0036 (Unknown: Unknown: Client Characteristic Configuration)","2021-06-08 14:35:19,149049",""
"400","55.546718","HuaweiTe_27:59:79 (HUAWEI P20 Pro)","Espressi_60:ef:3a (ESP32-T)","ATT","14","","","Find Information Request","","","Sent Find Information Request, Handles: 0x0037..0xffff","2021-06-08 14:35:19,149559",""
"401","55.551651","controller","host","HCI_EVT","8","","","","","","Rcvd Number of Completed Packets","2021-06-08 14:35:19,154492",""
"402","55.561858","Espressi_60:ef:3a (ESP32-T)","HuaweiTe_27:59:79 (HUAWEI P20 Pro)","ATT","14","","","Error Response","","0x0037","Rcvd Error Response - Attribute Not Found, Handle: 0x0037 (Unknown: Unknown: Unknown)","2021-06-08 14:35:19,164699",""
"403","55.562741","host","controller","HCI_CMD","18","","","","","","Sent LE Connection Update","2021-06-08 14:35:19,165582",""
"404","55.565016","controller","host","HCI_EVT","7","","","","","","Rcvd Command Status (LE Connection Update)","2021-06-08 14:35:19,167857",""
"405","55.639598","controller","host","HCI_EVT","13","","","","","","Rcvd LE Meta (LE Connection Update Complete)","2021-06-08 14:35:19,242439",""
"406","61.574546","HuaweiTe_27:59:79 (HUAWEI P20 Pro)","Espressi_60:ef:3a (ESP32-T)","ATT","16","","","Write Request","40000000","0x0033","Sent Write Request, Handle: 0x0033 (Unknown: Unknown)","2021-06-08 14:35:25,177387","46ac40cc7eaa41a99964956a984fd9c3"
"407","61.636194","Espressi_60:ef:3a (ESP32-T)","HuaweiTe_27:59:79 (HUAWEI P20 Pro)","ATT","10","406","","Write Response","","0x0033","Rcvd Write Response, Handle: 0x0033 (Unknown: Unknown)","2021-06-08 14:35:25,239035","46ac40cc7eaa41a99964956a984fd9c3"
"408","61.685118","Espressi_60:ef:3a (ESP32-T)","HuaweiTe_27:59:79 (HUAWEI P20 Pro)","L2CAP","21","","","","","","Rcvd Connection Parameter Update Request","2021-06-08 14:35:25,287959",""
"409","61.685879","HuaweiTe_27:59:79 (HUAWEI P20 Pro)","Espressi_60:ef:3a (ESP32-T)","L2CAP","15","","","","","","Sent Connection Parameter Update Response (Accepted)","2021-06-08 14:35:25,288720",""
"410","61.686308","host","controller","HCI_CMD","18","","","","","","Sent LE Connection Update","2021-06-08 14:35:25,289149",""
"411","61.687265","controller","host","HCI_EVT","7","","","","","","Rcvd Command Status (LE Connection Update)","2021-06-08 14:35:25,290106",""
"412","61.756940","controller","host","HCI_EVT","8","","","","","","Rcvd Number of Completed Packets","2021-06-08 14:35:25,359781",""
"413","62.007152","controller","host","HCI_EVT","8","","","","","","Rcvd Number of Completed Packets","2021-06-08 14:35:25,609993",""
"414","62.141098","controller","host","HCI_EVT","13","","","","","","Rcvd LE Meta (LE Connection Update Complete)","2021-06-08 14:35:25,743939",""
"415","66.980477","HuaweiTe_27:59:79 (HUAWEI P20 Pro)","Espressi_60:ef:3a (ESP32-T)","ATT","16","","","Write Request","80000000","0x002e","Sent Write Request, Handle: 0x002e (Unknown: Unknown)","2021-06-08 14:35:30,583318","f341082200c04dd3a60b3cd6124fd323"
"416","67.101279","Espressi_60:ef:3a (ESP32-T)","HuaweiTe_27:59:79 (HUAWEI P20 Pro)","ATT","10","415","","Write Response","","0x002e","Rcvd Write Response, Handle: 0x002e (Unknown: Unknown)","2021-06-08 14:35:30,704120","f341082200c04dd3a60b3cd6124fd323"
"417","67.257705","controller","host","HCI_EVT","8","","","","","","Rcvd Number of Completed Packets","2021-06-08 14:35:30,860546",""
"418","70.331193","HuaweiTe_27:59:79 (HUAWEI P20 Pro)","Espressi_60:ef:3a (ESP32-T)","ATT","12","","","Exchange MTU Request","","","Sent Exchange MTU Request, Client Rx MTU: 33","2021-06-08 14:35:33,934034",""
"419","70.461460","Espressi_60:ef:3a (ESP32-T)","HuaweiTe_27:59:79 (HUAWEI P20 Pro)","ATT","12","418","","Exchange MTU Response","","","Rcvd Exchange MTU Response, Server Rx MTU: 33","2021-06-08 14:35:34,064301",""
"420","70.461933","host","controller","HCI_CMD","10","","","","","","Sent LE Set Data Length","2021-06-08 14:35:34,064774",""
"421","70.462861","controller","host","HCI_EVT","9","","","","","","Rcvd Command Complete (LE Set Data Length)","2021-06-08 14:35:34,065702",""
"422","70.507208","controller","host","HCI_EVT","8","","","","","","Rcvd Number of Completed Packets","2021-06-08 14:35:34,110049",""
"423","70.621899","controller","host","HCI_EVT","14","","","","","","Rcvd LE Meta (LE Data Length Change)","2021-06-08 14:35:34,224740",""
"424","71.864958","HuaweiTe_27:59:79 (HUAWEI P20 Pro)","Espressi_60:ef:3a (ESP32-T)","ATT","12","","","Read Request","","0x002a","Sent Read Request, Handle: 0x002a (Unknown: Unknown)","2021-06-08 14:35:35,467799","fbdc45f28337467b8019e7db05355215"
"425","71.982093","Espressi_60:ef:3a (ESP32-T)","HuaweiTe_27:59:79 (HUAWEI P20 Pro)","ATT","42","424","","Read Response","446174612053697a65203132386e6f707172737475767778797a616263646566","0x002a","Rcvd Read Response, Handle: 0x002a (Unknown: Unknown)","2021-06-08 14:35:35,584934","fbdc45f28337467b8019e7db05355215"
"426","71.982721","HuaweiTe_27:59:79 (HUAWEI P20 Pro)","Espressi_60:ef:3a (ESP32-T)","ATT","14","","","Read Blob Request","","0x002a","Sent Read Blob Request, Handle: 0x002a (Unknown: Unknown), Offset: 32","2021-06-08 14:35:35,585562","fbdc45f28337467b8019e7db05355215"
"427","72.059447","controller","host","HCI_EVT","8","","","","","","Rcvd Number of Completed Packets","2021-06-08 14:35:35,662288",""
"428","72.141931","Espressi_60:ef:3a (ESP32-T)","HuaweiTe_27:59:79 (HUAWEI P20 Pro)","ATT","42","426","","Read Blob Response","6768696a6b6c6d6e6f707172737475767778797a6162636465666768696a6b6c","0x002a","Rcvd Read Blob Response, Handle: 0x002a (Unknown: Unknown)","2021-06-08 14:35:35,744772","fbdc45f28337467b8019e7db05355215"
"429","72.142530","HuaweiTe_27:59:79 (HUAWEI P20 Pro)","Espressi_60:ef:3a (ESP32-T)","ATT","14","","","Read Blob Request","","0x002a","Sent Read Blob Request, Handle: 0x002a (Unknown: Unknown), Offset: 64","2021-06-08 14:35:35,745371","fbdc45f28337467b8019e7db05355215"
"430","72.302241","Espressi_60:ef:3a (ESP32-T)","HuaweiTe_27:59:79 (HUAWEI P20 Pro)","ATT","42","429","","Read Blob Response","6d6e6f707172737475767778797a6162636465666768696a6b6c6d6e6f707172","0x002a","Rcvd Read Blob Response, Handle: 0x002a (Unknown: Unknown)","2021-06-08 14:35:35,905082","fbdc45f28337467b8019e7db05355215"
"431","72.302778","HuaweiTe_27:59:79 (HUAWEI P20 Pro)","Espressi_60:ef:3a (ESP32-T)","ATT","14","","","Read Blob Request","","0x002a","Sent Read Blob Request, Handle: 0x002a (Unknown: Unknown), Offset: 96","2021-06-08 14:35:35,905619","fbdc45f28337467b8019e7db05355215"
"432","72.379273","controller","host","HCI_EVT","8","","","","","","Rcvd Number of Completed Packets","2021-06-08 14:35:35,982114",""
"433","72.462429","Espressi_60:ef:3a (ESP32-T)","HuaweiTe_27:59:79 (HUAWEI P20 Pro)","ATT","42","431","","Read Blob Response","737475767778797a6162636465666768696a6b6c6d6e6f707172737475767778","0x002a","Rcvd Read Blob Response, Handle: 0x002a (Unknown: Unknown)","2021-06-08 14:35:36,065270","fbdc45f28337467b8019e7db05355215"
"434","72.463403","HuaweiTe_27:59:79 (HUAWEI P20 Pro)","Espressi_60:ef:3a (ESP32-T)","ATT","14","","","Read Blob Request","","0x002a","Sent Read Blob Request, Handle: 0x002a (Unknown: Unknown), Offset: 128","2021-06-08 14:35:36,066244","fbdc45f28337467b8019e7db05355215"
"435","72.621662","Espressi_60:ef:3a (ESP32-T)","HuaweiTe_27:59:79 (HUAWEI P20 Pro)","ATT","10","","","Read Blob Response","","0x002a","Rcvd Read Blob Response, Handle: 0x002a (Unknown: Unknown)[Malformed Packet]","2021-06-08 14:35:36,224503","fbdc45f28337467b8019e7db05355215"
"436","72.757691","controller","host","HCI_EVT","8","","","","","","Rcvd Number of Completed Packets","2021-06-08 14:35:36,360532",""
"437","73.461430","HuaweiTe_27:59:79 (HUAWEI P20 Pro)","Espressi_60:ef:3a (ESP32-T)","ATT","12","","","Read Request","","0x002a","Sent Read Request, Handle: 0x002a (Unknown: Unknown)","2021-06-08 14:35:37,064271","fbdc45f28337467b8019e7db05355215"
"438","73.581908","Espressi_60:ef:3a (ESP32-T)","HuaweiTe_27:59:79 (HUAWEI P20 Pro)","ATT","42","437","","Read Response","446174612053697a65203132386e6f707172737475767778797a616263646566","0x002a","Rcvd Read Response, Handle: 0x002a (Unknown: Unknown)","2021-06-08 14:35:37,184749","fbdc45f28337467b8019e7db05355215"
"439","73.582468","HuaweiTe_27:59:79 (HUAWEI P20 Pro)","Espressi_60:ef:3a (ESP32-T)","ATT","14","","","Read Blob Request","","0x002a","Sent Read Blob Request, Handle: 0x002a (Unknown: Unknown), Offset: 32","2021-06-08 14:35:37,185309","fbdc45f28337467b8019e7db05355215"
"440","73.632196","controller","host","HCI_EVT","8","","","","","","Rcvd Number of Completed Packets","2021-06-08 14:35:37,235037",""
"441","73.741896","Espressi_60:ef:3a (ESP32-T)","HuaweiTe_27:59:79 (HUAWEI P20 Pro)","ATT","42","439","","Read Blob Response","6768696a6b6c6d6e6f707172737475767778797a6162636465666768696a6b6c","0x002a","Rcvd Read Blob Response, Handle: 0x002a (Unknown: Unknown)","2021-06-08 14:35:37,344737","fbdc45f28337467b8019e7db05355215"
"442","73.742481","HuaweiTe_27:59:79 (HUAWEI P20 Pro)","Espressi_60:ef:3a (ESP32-T)","ATT","14","","","Read Blob Request","","0x002a","Sent Read Blob Request, Handle: 0x002a (Unknown: Unknown), Offset: 64","2021-06-08 14:35:37,345322","fbdc45f28337467b8019e7db05355215"
"443","73.819629","controller","host","HCI_EVT","8","","","","","","Rcvd Number of Completed Packets","2021-06-08 14:35:37,422470",""
"444","73.901939","Espressi_60:ef:3a (ESP32-T)","HuaweiTe_27:59:79 (HUAWEI P20 Pro)","ATT","42","442","","Read Blob Response","6d6e6f707172737475767778797a6162636465666768696a6b6c6d6e6f707172","0x002a","Rcvd Read Blob Response, Handle: 0x002a (Unknown: Unknown)","2021-06-08 14:35:37,504780","fbdc45f28337467b8019e7db05355215"
"445","73.902780","HuaweiTe_27:59:79 (HUAWEI P20 Pro)","Espressi_60:ef:3a (ESP32-T)","ATT","14","","","Read Blob Request","","0x002a","Sent Read Blob Request, Handle: 0x002a (Unknown: Unknown), Offset: 96","2021-06-08 14:35:37,505621","fbdc45f28337467b8019e7db05355215"
"446","74.062255","Espressi_60:ef:3a (ESP32-T)","HuaweiTe_27:59:79 (HUAWEI P20 Pro)","ATT","42","445","","Read Blob Response","737475767778797a6162636465666768696a6b6c6d6e6f707172737475767778","0x002a","Rcvd Read Blob Response, Handle: 0x002a (Unknown: Unknown)","2021-06-08 14:35:37,665096","fbdc45f28337467b8019e7db05355215"
"447","74.062849","HuaweiTe_27:59:79 (HUAWEI P20 Pro)","Espressi_60:ef:3a (ESP32-T)","ATT","14","","","Read Blob Request","","0x002a","Sent Read Blob Request, Handle: 0x002a (Unknown: Unknown), Offset: 128","2021-06-08 14:35:37,665690","fbdc45f28337467b8019e7db05355215"
"448","74.132558","controller","host","HCI_EVT","8","","","","","","Rcvd Number of Completed Packets","2021-06-08 14:35:37,735399",""
"449","74.221334","Espressi_60:ef:3a (ESP32-T)","HuaweiTe_27:59:79 (HUAWEI P20 Pro)","ATT","10","","","Read Blob Response","","0x002a","Rcvd Read Blob Response, Handle: 0x002a (Unknown: Unknown)[Malformed Packet]","2021-06-08 14:35:37,824175","fbdc45f28337467b8019e7db05355215"
"450","74.382356","controller","host","HCI_EVT","8","","","","","","Rcvd Number of Completed Packets","2021-06-08 14:35:37,985197",""
"451","74.891662","HuaweiTe_27:59:79 (HUAWEI P20 Pro)","Espressi_60:ef:3a (ESP32-T)","ATT","12","","","Read Request","","0x002a","Sent Read Request, Handle: 0x002a (Unknown: Unknown)","2021-06-08 14:35:38,494503","fbdc45f28337467b8019e7db05355215"
"452","75.021529","Espressi_60:ef:3a (ESP32-T)","HuaweiTe_27:59:79 (HUAWEI P20 Pro)","ATT","42","451","","Read Response","446174612053697a65203132386e6f707172737475767778797a616263646566","0x002a","Rcvd Read Response, Handle: 0x002a (Unknown: Unknown)","2021-06-08 14:35:38,624370","fbdc45f28337467b8019e7db05355215"
"453","75.022185","HuaweiTe_27:59:79 (HUAWEI P20 Pro)","Espressi_60:ef:3a (ESP32-T)","ATT","14","","","Read Blob Request","","0x002a","Sent Read Blob Request, Handle: 0x002a (Unknown: Unknown), Offset: 32","2021-06-08 14:35:38,625026","fbdc45f28337467b8019e7db05355215"
"454","75.099960","controller","host","HCI_EVT","8","","","","","","Rcvd Number of Completed Packets","2021-06-08 14:35:38,702801",""
"455","75.181509","Espressi_60:ef:3a (ESP32-T)","HuaweiTe_27:59:79 (HUAWEI P20 Pro)","ATT","42","453","","Read Blob Response","6768696a6b6c6d6e6f707172737475767778797a6162636465666768696a6b6c","0x002a","Rcvd Read Blob Response, Handle: 0x002a (Unknown: Unknown)","2021-06-08 14:35:38,784350","fbdc45f28337467b8019e7db05355215"
"456","75.182391","HuaweiTe_27:59:79 (HUAWEI P20 Pro)","Espressi_60:ef:3a (ESP32-T)","ATT","14","","","Read Blob Request","","0x002a","Sent Read Blob Request, Handle: 0x002a (Unknown: Unknown), Offset: 64","2021-06-08 14:35:38,785232","fbdc45f28337467b8019e7db05355215"
"457","75.421919","Espressi_60:ef:3a (ESP32-T)","HuaweiTe_27:59:79 (HUAWEI P20 Pro)","ATT","42","456","","Read Blob Response","6d6e6f707172737475767778797a6162636465666768696a6b6c6d6e6f707172","0x002a","Rcvd Read Blob Response, Handle: 0x002a (Unknown: Unknown)","2021-06-08 14:35:39,024760","fbdc45f28337467b8019e7db05355215"
"458","75.422615","HuaweiTe_27:59:79 (HUAWEI P20 Pro)","Espressi_60:ef:3a (ESP32-T)","ATT","14","","","Read Blob Request","","0x002a","Sent Read Blob Request, Handle: 0x002a (Unknown: Unknown), Offset: 96","2021-06-08 14:35:39,025456","fbdc45f28337467b8019e7db05355215"
"459","75.499398","controller","host","HCI_EVT","8","","","","","","Rcvd Number of Completed Packets","2021-06-08 14:35:39,102239",""
"460","75.582253","Espressi_60:ef:3a (ESP32-T)","HuaweiTe_27:59:79 (HUAWEI P20 Pro)","ATT","42","458","","Read Blob Response","737475767778797a6162636465666768696a6b6c6d6e6f707172737475767778","0x002a","Rcvd Read Blob Response, Handle: 0x002a (Unknown: Unknown)","2021-06-08 14:35:39,185094","fbdc45f28337467b8019e7db05355215"
"461","75.583194","HuaweiTe_27:59:79 (HUAWEI P20 Pro)","Espressi_60:ef:3a (ESP32-T)","ATT","14","","","Read Blob Request","","0x002a","Sent Read Blob Request, Handle: 0x002a (Unknown: Unknown), Offset: 128","2021-06-08 14:35:39,186035","fbdc45f28337467b8019e7db05355215"
"462","75.741604","Espressi_60:ef:3a (ESP32-T)","HuaweiTe_27:59:79 (HUAWEI P20 Pro)","ATT","10","","","Read Blob Response","","0x002a","Rcvd Read Blob Response, Handle: 0x002a (Unknown: Unknown)[Malformed Packet]","2021-06-08 14:35:39,344445","fbdc45f28337467b8019e7db05355215"
"463","75.882526","controller","host","HCI_EVT","8","","","","","","Rcvd Number of Completed Packets","2021-06-08 14:35:39,485367",""
"464","80.831347","HuaweiTe_27:59:79 (HUAWEI P20 Pro)","Espressi_60:ef:3a (ESP32-T)","ATT","12","","","Exchange MTU Request","","","Sent Exchange MTU Request, Client Rx MTU: 65","2021-06-08 14:35:44,434188",""
"465","80.941555","Espressi_60:ef:3a (ESP32-T)","HuaweiTe_27:59:79 (HUAWEI P20 Pro)","ATT","12","464","","Exchange MTU Response","","","Rcvd Exchange MTU Response, Server Rx MTU: 65","2021-06-08 14:35:44,544396",""
"466","80.942058","host","controller","HCI_CMD","10","","","","","","Sent LE Set Data Length","2021-06-08 14:35:44,544899",""
"467","80.943337","controller","host","HCI_EVT","9","","","","","","Rcvd Command Complete (LE Set Data Length)","2021-06-08 14:35:44,546178",""
"468","81.008471","controller","host","HCI_EVT","8","","","","","","Rcvd Number of Completed Packets","2021-06-08 14:35:44,611312",""
"469","81.101224","controller","host","HCI_EVT","14","","","","","","Rcvd LE Meta (LE Data Length Change)","2021-06-08 14:35:44,704065",""
"470","82.540096","HuaweiTe_27:59:79 (HUAWEI P20 Pro)","Espressi_60:ef:3a (ESP32-T)","ATT","12","","","Read Request","","0x002a","Sent Read Request, Handle: 0x002a (Unknown: Unknown)","2021-06-08 14:35:46,142937","fbdc45f28337467b8019e7db05355215"
"471","82.701668","Espressi_60:ef:3a (ESP32-T)","HuaweiTe_27:59:79 (HUAWEI P20 Pro)","ATT","74","470","","Read Response","446174612053697a65203132386e6f707172737475767778797a6162636465666768696a\200\246","0x002a","Rcvd Read Response, Handle: 0x002a (Unknown: Unknown)","2021-06-08 14:35:46,304509","fbdc45f28337467b8019e7db05355215"
"472","82.702518","HuaweiTe_27:59:79 (HUAWEI P20 Pro)","Espressi_60:ef:3a (ESP32-T)","ATT","14","","","Read Blob Request","","0x002a","Sent Read Blob Request, Handle: 0x002a (Unknown: Unknown), Offset: 64","2021-06-08 14:35:46,305359","fbdc45f28337467b8019e7db05355215"
"473","82.758968","controller","host","HCI_EVT","8","","","","","","Rcvd Number of Completed Packets","2021-06-08 14:35:46,361809",""
"474","82.861726","Espressi_60:ef:3a (ESP32-T)","HuaweiTe_27:59:79 (HUAWEI P20 Pro)","ATT","74","472","","Read Blob Response","6d6e6f707172737475767778797a6162636465666768696a6b6c6d6e6f70717273747576\200\246","0x002a","Rcvd Read Blob Response, Handle: 0x002a (Unknown: Unknown)","2021-06-08 14:35:46,464567","fbdc45f28337467b8019e7db05355215"
"475","82.862361","HuaweiTe_27:59:79 (HUAWEI P20 Pro)","Espressi_60:ef:3a (ESP32-T)","ATT","14","","","Read Blob Request","","0x002a","Sent Read Blob Request, Handle: 0x002a (Unknown: Unknown), Offset: 128","2021-06-08 14:35:46,465202","fbdc45f28337467b8019e7db05355215"
"476","82.939922","controller","host","HCI_EVT","8","","","","","","Rcvd Number of Completed Packets","2021-06-08 14:35:46,542763",""
"477","83.021091","Espressi_60:ef:3a (ESP32-T)","HuaweiTe_27:59:79 (HUAWEI P20 Pro)","ATT","10","","","Read Blob Response","","0x002a","Rcvd Read Blob Response, Handle: 0x002a (Unknown: Unknown)[Malformed Packet]","2021-06-08 14:35:46,623932","fbdc45f28337467b8019e7db05355215"
"478","83.943234","HuaweiTe_27:59:79 (HUAWEI P20 Pro)","Espressi_60:ef:3a (ESP32-T)","ATT","12","","","Read Request","","0x002a","Sent Read Request, Handle: 0x002a (Unknown: Unknown)","2021-06-08 14:35:47,546075","fbdc45f28337467b8019e7db05355215"
"479","84.062158","Espressi_60:ef:3a (ESP32-T)","HuaweiTe_27:59:79 (HUAWEI P20 Pro)","ATT","74","478","","Read Response","446174612053697a65203132386e6f707172737475767778797a6162636465666768696a\200\246","0x002a","Rcvd Read Response, Handle: 0x002a (Unknown: Unknown)","2021-06-08 14:35:47,664999","fbdc45f28337467b8019e7db05355215"
"480","84.062664","HuaweiTe_27:59:79 (HUAWEI P20 Pro)","Espressi_60:ef:3a (ESP32-T)","ATT","14","","","Read Blob Request","","0x002a","Sent Read Blob Request, Handle: 0x002a (Unknown: Unknown), Offset: 64","2021-06-08 14:35:47,665505","fbdc45f28337467b8019e7db05355215"
"481","84.133446","controller","host","HCI_EVT","8","","","","","","Rcvd Number of Completed Packets","2021-06-08 14:35:47,736287",""
"482","84.222920","Espressi_60:ef:3a (ESP32-T)","HuaweiTe_27:59:79 (HUAWEI P20 Pro)","ATT","74","480","","Read Blob Response","6d6e6f707172737475767778797a6162636465666768696a6b6c6d6e6f70717273747576\200\246","0x002a","Rcvd Read Blob Response, Handle: 0x002a (Unknown: Unknown)","2021-06-08 14:35:47,825761","fbdc45f28337467b8019e7db05355215"
"483","84.223609","HuaweiTe_27:59:79 (HUAWEI P20 Pro)","Espressi_60:ef:3a (ESP32-T)","ATT","14","","","Read Blob Request","","0x002a","Sent Read Blob Request, Handle: 0x002a (Unknown: Unknown), Offset: 128","2021-06-08 14:35:47,826450","fbdc45f28337467b8019e7db05355215"
"484","84.299137","controller","host","HCI_EVT","8","","","","","","Rcvd Number of Completed Packets","2021-06-08 14:35:47,901978",""
"485","84.381208","Espressi_60:ef:3a (ESP32-T)","HuaweiTe_27:59:79 (HUAWEI P20 Pro)","ATT","10","","","Read Blob Response","","0x002a","Rcvd Read Blob Response, Handle: 0x002a (Unknown: Unknown)[Malformed Packet]","2021-06-08 14:35:47,984049","fbdc45f28337467b8019e7db05355215"
"486","85.195221","HuaweiTe_27:59:79 (HUAWEI P20 Pro)","Espressi_60:ef:3a (ESP32-T)","ATT","12","","","Read Request","","0x002a","Sent Read Request, Handle: 0x002a (Unknown: Unknown)","2021-06-08 14:35:48,798062","fbdc45f28337467b8019e7db05355215"
"487","85.342417","Espressi_60:ef:3a (ESP32-T)","HuaweiTe_27:59:79 (HUAWEI P20 Pro)","ATT","74","486","","Read Response","446174612053697a65203132386e6f707172737475767778797a6162636465666768696a\200\246","0x002a","Rcvd Read Response, Handle: 0x002a (Unknown: Unknown)","2021-06-08 14:35:48,945258","fbdc45f28337467b8019e7db05355215"
"488","85.342945","HuaweiTe_27:59:79 (HUAWEI P20 Pro)","Espressi_60:ef:3a (ESP32-T)","ATT","14","","","Read Blob Request","","0x002a","Sent Read Blob Request, Handle: 0x002a (Unknown: Unknown), Offset: 64","2021-06-08 14:35:48,945786","fbdc45f28337467b8019e7db05355215"
"489","85.419281","controller","host","HCI_EVT","8","","","","","","Rcvd Number of Completed Packets","2021-06-08 14:35:49,022122",""
"490","85.502427","Espressi_60:ef:3a (ESP32-T)","HuaweiTe_27:59:79 (HUAWEI P20 Pro)","ATT","74","488","","Read Blob Response","6d6e6f707172737475767778797a6162636465666768696a6b6c6d6e6f70717273747576\200\246","0x002a","Rcvd Read Blob Response, Handle: 0x002a (Unknown: Unknown)","2021-06-08 14:35:49,105268","fbdc45f28337467b8019e7db05355215"
"491","85.502985","HuaweiTe_27:59:79 (HUAWEI P20 Pro)","Espressi_60:ef:3a (ESP32-T)","ATT","14","","","Read Blob Request","","0x002a","Sent Read Blob Request, Handle: 0x002a (Unknown: Unknown), Offset: 128","2021-06-08 14:35:49,105826","fbdc45f28337467b8019e7db05355215"
"492","85.661768","Espressi_60:ef:3a (ESP32-T)","HuaweiTe_27:59:79 (HUAWEI P20 Pro)","ATT","10","","","Read Blob Response","","0x002a","Rcvd Read Blob Response, Handle: 0x002a (Unknown: Unknown)[Malformed Packet]","2021-06-08 14:35:49,264609","fbdc45f28337467b8019e7db05355215"
"493","85.758778","controller","host","HCI_EVT","8","","","","","","Rcvd Number of Completed Packets","2021-06-08 14:35:49,361619",""
"494","90.307620","HuaweiTe_27:59:79 (HUAWEI P20 Pro)","Espressi_60:ef:3a (ESP32-T)","ATT","12","","","Exchange MTU Request","","","Sent Exchange MTU Request, Client Rx MTU: 129","2021-06-08 14:35:53,910461",""
"495","90.461235","Espressi_60:ef:3a (ESP32-T)","HuaweiTe_27:59:79 (HUAWEI P20 Pro)","ATT","12","494","","Exchange MTU Response","","","Rcvd Exchange MTU Response, Server Rx MTU: 129","2021-06-08 14:35:54,064076",""
"496","90.461729","host","controller","HCI_CMD","10","","","","","","Sent LE Set Data Length","2021-06-08 14:35:54,064570",""
"497","90.463172","controller","host","HCI_EVT","9","","","","","","Rcvd Command Complete (LE Set Data Length)","2021-06-08 14:35:54,066013",""
"498","90.509431","controller","host","HCI_EVT","8","","","","","","Rcvd Number of Completed Packets","2021-06-08 14:35:54,112272",""
"499","90.621511","controller","host","HCI_EVT","14","","","","","","Rcvd LE Meta (LE Data Length Change)","2021-06-08 14:35:54,224352",""
"500","91.594343","HuaweiTe_27:59:79 (HUAWEI P20 Pro)","Espressi_60:ef:3a (ESP32-T)","ATT","12","","","Read Request","","0x002a","Sent Read Request, Handle: 0x002a (Unknown: Unknown)","2021-06-08 14:35:55,197184","fbdc45f28337467b8019e7db05355215"
"501","91.742809","Espressi_60:ef:3a (ESP32-T)","HuaweiTe_27:59:79 (HUAWEI P20 Pro)","ATT","138","500","","Read Response","446174612053697a65203132386e6f707172737475767778797a6162636465666768696a\200\246","0x002a","Rcvd Read Response, Handle: 0x002a (Unknown: Unknown)","2021-06-08 14:35:55,345650","fbdc45f28337467b8019e7db05355215"
"502","91.743340","HuaweiTe_27:59:79 (HUAWEI P20 Pro)","Espressi_60:ef:3a (ESP32-T)","ATT","14","","","Read Blob Request","","0x002a","Sent Read Blob Request, Handle: 0x002a (Unknown: Unknown), Offset: 128","2021-06-08 14:35:55,346181","fbdc45f28337467b8019e7db05355215"
"503","91.819409","controller","host","HCI_EVT","8","","","","","","Rcvd Number of Completed Packets","2021-06-08 14:35:55,422250",""
"504","91.901739","Espressi_60:ef:3a (ESP32-T)","HuaweiTe_27:59:79 (HUAWEI P20 Pro)","ATT","10","","","Read Blob Response","","0x002a","Rcvd Read Blob Response, Handle: 0x002a (Unknown: Unknown)[Malformed Packet]","2021-06-08 14:35:55,504580","fbdc45f28337467b8019e7db05355215"
"505","92.856282","HuaweiTe_27:59:79 (HUAWEI P20 Pro)","Espressi_60:ef:3a (ESP32-T)","ATT","12","","","Read Request","","0x002a","Sent Read Request, Handle: 0x002a (Unknown: Unknown)","2021-06-08 14:35:56,459123","fbdc45f28337467b8019e7db05355215"
"506","92.942867","Espressi_60:ef:3a (ESP32-T)","HuaweiTe_27:59:79 (HUAWEI P20 Pro)","ATT","138","505","","Read Response","446174612053697a65203132386e6f707172737475767778797a6162636465666768696a\200\246","0x002a","Rcvd Read Response, Handle: 0x002a (Unknown: Unknown)","2021-06-08 14:35:56,545708","fbdc45f28337467b8019e7db05355215"
"507","92.943353","HuaweiTe_27:59:79 (HUAWEI P20 Pro)","Espressi_60:ef:3a (ESP32-T)","ATT","14","","","Read Blob Request","","0x002a","Sent Read Blob Request, Handle: 0x002a (Unknown: Unknown), Offset: 128","2021-06-08 14:35:56,546194","fbdc45f28337467b8019e7db05355215"
"508","93.009529","controller","host","HCI_EVT","8","","","","","","Rcvd Number of Completed Packets","2021-06-08 14:35:56,612370",""
"509","93.101532","Espressi_60:ef:3a (ESP32-T)","HuaweiTe_27:59:79 (HUAWEI P20 Pro)","ATT","10","","","Read Blob Response","","0x002a","Rcvd Read Blob Response, Handle: 0x002a (Unknown: Unknown)[Malformed Packet]","2021-06-08 14:35:56,704373","fbdc45f28337467b8019e7db05355215"
"510","93.259565","controller","host","HCI_EVT","8","","","","","","Rcvd Number of Completed Packets","2021-06-08 14:35:56,862406",""
"511","93.992755","HuaweiTe_27:59:79 (HUAWEI P20 Pro)","Espressi_60:ef:3a (ESP32-T)","ATT","12","","","Read Request","","0x002a","Sent Read Request, Handle: 0x002a (Unknown: Unknown)","2021-06-08 14:35:57,595596","fbdc45f28337467b8019e7db05355215"
"512","94.142986","Espressi_60:ef:3a (ESP32-T)","HuaweiTe_27:59:79 (HUAWEI P20 Pro)","ATT","138","511","","Read Response","446174612053697a65203132386e6f707172737475767778797a6162636465666768696a\200\246","0x002a","Rcvd Read Response, Handle: 0x002a (Unknown: Unknown)","2021-06-08 14:35:57,745827","fbdc45f28337467b8019e7db05355215"
"513","94.143652","HuaweiTe_27:59:79 (HUAWEI P20 Pro)","Espressi_60:ef:3a (ESP32-T)","ATT","14","","","Read Blob Request","","0x002a","Sent Read Blob Request, Handle: 0x002a (Unknown: Unknown), Offset: 128","2021-06-08 14:35:57,746493","fbdc45f28337467b8019e7db05355215"
"514","94.219232","controller","host","HCI_EVT","8","","","","","","Rcvd Number of Completed Packets","2021-06-08 14:35:57,822073",""
"515","94.301683","Espressi_60:ef:3a (ESP32-T)","HuaweiTe_27:59:79 (HUAWEI P20 Pro)","ATT","10","","","Read Blob Response","","0x002a","Rcvd Read Blob Response, Handle: 0x002a (Unknown: Unknown)[Malformed Packet]","2021-06-08 14:35:57,904524","fbdc45f28337467b8019e7db05355215"
"516","100.440030","host","controller","HCI_CMD","7","","","","","","Sent Disconnect","2021-06-08 14:36:04,042871",""
"517","100.448540","controller","host","HCI_EVT","7","","","","","","Rcvd Command Status (Disconnect)","2021-06-08 14:36:04,051381",""
"518","100.461752","controller","host","HCI_EVT","7","","","","","","Rcvd Disconnect Complete","2021-06-08 14:36:04,064593",""
"519","112.395587","host","controller","HCI_CMD_BROADCOM","4","","","","","","Sent Broadcom LE Energy Info","2021-06-08 14:36:15,998428",""
"520","112.403156","controller","host","HCI_EVT_BROADCOM","23","","","","","","Rcvd Broadcom Command Complete (LE Energy Info)","2021-06-08 14:36:16,005997",""
"521","117.976867","host","controller","HCI_CMD","5","","","","","","Sent Write Scan Enable","2021-06-08 14:36:21,579708",""
"522","117.985689","controller","host","HCI_EVT","7","","","","","","Rcvd Command Complete (Write Scan Enable)","2021-06-08 14:36:21,588530",""
"523","117.986057","host","controller","HCI_CMD","5","","","","","","Sent Write Scan Enable","2021-06-08 14:36:21,588898",""
"524","117.987313","controller","host","HCI_EVT","7","","","","","","Rcvd Command Complete (Write Scan Enable)","2021-06-08 14:36:21,590154",""
"525","118.053469","host","controller","HCI_CMD","245","","","","","","Sent Write Extended Inquiry Response","2021-06-08 14:36:21,656310",""
"526","118.055689","controller","host","HCI_EVT","7","","","","","","Rcvd Command Complete (Write Extended Inquiry Response)","2021-06-08 14:36:21,658530",""
"527","118.055994","host","controller","HCI_CMD","245","","","","","","Sent Write Extended Inquiry Response","2021-06-08 14:36:21,658835",""
"528","118.059443","controller","host","HCI_EVT","7","","","","","","Rcvd Command Complete (Write Extended Inquiry Response)","2021-06-08 14:36:21,662284",""
"529","118.059738","host","controller","HCI_CMD","245","","","","","","Sent Write Extended Inquiry Response","2021-06-08 14:36:21,662579",""
"530","118.063315","controller","host","HCI_EVT","7","","","","","","Rcvd Command Complete (Write Extended Inquiry Response)","2021-06-08 14:36:21,666156",""
"531","118.063659","host","controller","HCI_CMD","245","","","","","","Sent Write Extended Inquiry Response","2021-06-08 14:36:21,666500",""
"532","118.066252","controller","host","HCI_EVT","7","","","","","","Rcvd Command Complete (Write Extended Inquiry Response)","2021-06-08 14:36:21,669093",""
"533","118.139535","host","controller","HCI_CMD","245","","","","","","Sent Write Extended Inquiry Response","2021-06-08 14:36:21,742376",""
"534","118.142348","controller","host","HCI_EVT","7","","","","","","Rcvd Command Complete (Write Extended Inquiry Response)","2021-06-08 14:36:21,745189",""
"535","118.142640","host","controller","HCI_CMD","245","","","","","","Sent Write Extended Inquiry Response","2021-06-08 14:36:21,745481",""
"536","118.145117","controller","host","HCI_EVT","7","","","","","","Rcvd Command Complete (Write Extended Inquiry Response)","2021-06-08 14:36:21,747958",""
"537","118.145391","host","controller","HCI_CMD","7","","","","","","Sent Write Class of Device","2021-06-08 14:36:21,748232",""
"538","118.147645","controller","host","HCI_EVT","7","","","","","","Rcvd Command Complete (Write Class of Device)","2021-06-08 14:36:21,750486",""
"539","118.347241","host","controller","HCI_CMD","245","","","","","","Sent Write Extended Inquiry Response","2021-06-08 14:36:21,950082",""
"540","118.351255","controller","host","HCI_EVT","7","","","","","","Rcvd Command Complete (Write Extended Inquiry Response)","2021-06-08 14:36:21,954096",""
"541","118.351503","host","controller","HCI_CMD","245","","","","","","Sent Write Extended Inquiry Response","2021-06-08 14:36:21,954344",""
"542","118.355317","controller","host","HCI_EVT","7","","","","","","Rcvd Command Complete (Write Extended Inquiry Response)","2021-06-08 14:36:21,958158",""
"543","118.355586","host","controller","HCI_CMD","245","","","","","","Sent Write Extended Inquiry Response","2021-06-08 14:36:21,958427",""
"544","118.359313","controller","host","HCI_EVT","7","","","","","","Rcvd Command Complete (Write Extended Inquiry Response)","2021-06-08 14:36:21,962154",""
"545","118.359594","host","controller","HCI_CMD","245","","","","","","Sent Write Extended Inquiry Response","2021-06-08 14:36:21,962435",""
"546","118.361756","controller","host","HCI_EVT","7","","","","","","Rcvd Command Complete (Write Extended Inquiry Response)","2021-06-08 14:36:21,964597",""
"547","118.362064","host","controller","HCI_CMD","245","","","","","","Sent Write Extended Inquiry Response","2021-06-08 14:36:21,964905",""
"548","118.364251","controller","host","HCI_EVT","7","","","","","","Rcvd Command Complete (Write Extended Inquiry Response)","2021-06-08 14:36:21,967092",""
"549","118.364479","host","controller","HCI_CMD_BROADCOM","7","","","","","","Sent Broadcom LE Advertising Filter","2021-06-08 14:36:21,967320",""
"550","118.367049","controller","host","HCI_EVT_BROADCOM","10","","","","","","Rcvd Broadcom Command Complete (LE Advertising Filter)","2021-06-08 14:36:21,969890",""
"551","118.370944","host","controller","HCI_CMD","6","","","","","","Sent LE Set Scan Enable","2021-06-08 14:36:21,973785",""
"552","118.373107","controller","host","HCI_EVT","7","","","","","","Rcvd Command Complete (LE Set Scan Enable)","2021-06-08 14:36:21,975948",""
"553","118.373409","host","controller","HCI_CMD","11","","","","","","Sent LE Set Scan Parameters","2021-06-08 14:36:21,976250",""
"554","118.374452","controller","host","HCI_EVT","7","","","","","","Rcvd Command Complete (LE Set Scan Parameters)","2021-06-08 14:36:21,977293",""
"555","118.374697","host","controller","HCI_CMD","5","","","","","","Sent LE Set Address Resolution Enable","2021-06-08 14:36:21,977538",""
"556","118.375704","controller","host","HCI_EVT","7","","","","","","Rcvd Command Complete (LE Set Address Resolution Enable)","2021-06-08 14:36:21,978545",""
"557","118.375804","host","controller","HCI_CMD","11","","","","","","Sent LE Set Scan Parameters","2021-06-08 14:36:21,978645",""
"558","118.377350","controller","host","HCI_EVT","7","","","","","","Rcvd Command Complete (LE Set Scan Parameters)","2021-06-08 14:36:21,980191",""
"559","118.377635","host","controller","HCI_CMD","6","","","","","","Sent LE Set Scan Enable","2021-06-08 14:36:21,980476",""
"560","118.378800","controller","host","HCI_EVT","7","","","","","","Rcvd Command Complete (LE Set Scan Enable)","2021-06-08 14:36:21,981641",""
"561","118.380320","host","controller","HCI_CMD","5","","","","","","Sent Write Scan Enable","2021-06-08 14:36:21,983161",""
"562","118.381223","controller","host","HCI_EVT","7","","","","","","Rcvd Command Complete (Write Scan Enable)","2021-06-08 14:36:21,984064",""
"563","118.381415","host","controller","HCI_CMD","5","","","","","","Sent Write Scan Enable","2021-06-08 14:36:21,984256",""
"564","118.382778","controller","host","HCI_EVT","7","","","","","","Rcvd Command Complete (Write Scan Enable)","2021-06-08 14:36:21,985619",""
"565","118.421187","host","controller","HCI_CMD","5","","","","","","Sent Write Scan Enable","2021-06-08 14:36:22,024028",""
"566","118.422864","controller","host","HCI_EVT","7","","","","","","Rcvd Command Complete (Write Scan Enable)","2021-06-08 14:36:22,025705",""
"567","118.423071","host","controller","HCI_CMD","5","","","","","","Sent Write Scan Enable","2021-06-08 14:36:22,025912",""
"568","118.423699","controller","host","HCI_EVT","7","","","","","","Rcvd Command Complete (Write Scan Enable)","2021-06-08 14:36:22,026540",""
"569","118.423923","host","controller","HCI_CMD","4","","","","","","Sent LE Clear White List","2021-06-08 14:36:22,026764",""
"570","118.425262","controller","host","HCI_EVT","7","","","","","","Rcvd Command Complete (LE Clear White List)","2021-06-08 14:36:22,028103",""
